APG,BPG,FG,FT,PTs,RPG,SPG,Three_PT,career_minute,career_play,player_contract,player_height,player_name,player_num,player_position,player_salary,player_team,player_weight
,,,,,,,,,该球员为新秀，从未在NBA出场过。,1年89万美元,1.75米/5尺9,克里斯-克莱蒙斯,NULL,G,本年薪金：89万美元,休斯顿火箭,82公斤/180磅
,,,,,,,,,该球员为新秀，从未在NBA出场过。,1年89万美元,1.96米/6尺5,威廉-麦克道尔-怀特,NULL,G,本年薪金：89万美元,休斯顿火箭,84公斤/185磅
,,,,,,,,,该球员为新秀，从未在NBA出场过。,1年89万美元，2019年夏天签,1.85米/6尺1,沙莫里-庞兹,NULL,G,本年薪金：89万美元,休斯顿火箭,79公斤/174磅
,,,,,,,,,该球员为新秀，从未在NBA出场过。,双向合同,1.91米/6尺3,特雷旺-杜瓦尔,NULL,G,本年薪金：7万美元,休斯顿火箭,84公斤/186磅
,,,,,,,,,该球员为新秀，从未在NBA出场过。,双向合同,2.03米/6尺8,文森特-爱德华兹,12,F,本年薪金：7万美元,休斯顿火箭,102公斤/225磅
,,,,,,,,,该球员为新秀，从未在NBA出场过。,3年420万，2019年夏天签,1.93米/6尺4,马特-托马斯,21,G,本年薪金：89万美元,多伦多猛龙,89公斤/197磅
,,,,,,,,,该球员为新秀，从未在NBA出场过。,新秀合同，2019年夏天签，2022年到期,2.08米/6尺10,德万-埃尔南德斯,20,F,本年薪金：89万美元,多伦多猛龙,106公斤/233磅
,,,,,,,,,该球员为新秀，从未在NBA出场过。,双向合同,1.93米/6尺4,乔丹-劳埃德,8,G,本年薪金：7万美元,多伦多猛龙,95公斤/210磅
,,,,,,,,,该球员为新秀，从未在NBA出场过。,新秀合同，2019年夏天签，2022年到期，2021年，2022年球队选项,2.06米/6尺9,KZ-奥克帕拉,NULL,F,本年薪金：89万美元,迈阿密热火,98公斤/215磅
,,,,,,,,,该球员为新秀，从未在NBA出场过。,双向合同,1.88米/6尺2,布兰登-古德温,0,G,本年薪金：7万美元,亚特兰大老鹰,82公斤/180磅
,,,,,,,,,该球员为新秀，从未在NBA出场过。,双向合同,2.01米/6尺7,亚历克斯-波伊思雷斯,22,F,本年薪金：7万美元,亚特兰大老鹰,108公斤/238磅
,,,,,,,,,该球员为新秀，从未在NBA出场过。,双向合同,1.93米/6尺4,乔-奇利,31,G,本年薪金：7万美元,夏洛特黄蜂,86公斤/190磅
,,,,,,,,,该球员为新秀，从未在NBA出场过。,新秀合同，2019年夏天签，2022年到期,1.98米/6尺6,阿德米拉尔-斯科菲尔德,4,F,本年薪金：89万美元,华盛顿奇才,109公斤/241磅
,,,,,,,,,该球员为新秀，从未在NBA出场过。,双向合同,1.96米/6尺5,乔丹-麦克雷,52,G,本年薪金：7万美元,华盛顿奇才,81公斤/179磅
,,,,,,,,,该球员为新秀，从未在NBA出场过。,双向合同,1.93米/6尺4,特洛伊-科佩恩,3,G,本年薪金：7万美元,奥兰多魔术,95公斤/210磅
,,,,,,,,,该球员为新秀，从未在NBA出场过。,新秀合同，2019年夏天签，2022年到期,2.01米/6尺7,伊格纳斯-布拉兹代基斯,17,F,本年薪金：89万美元,纽约尼克斯,100公斤/220磅
,,,,,,,,,该球员为新秀，从未在NBA出场过。,双向合同,1.91米/6尺3,卡迪姆-阿伦,0,G,本年薪金：7万美元,纽约尼克斯,91公斤/200磅
,,,,,,,,,该球员为新秀，从未在NBA出场过。,新秀合同，2019年夏天签，2022年到期,1.98米/6尺6,米耶-奥尼,24,G,本年薪金：89万美元,犹他爵士,95公斤/209磅
,,,,,,,,,该球员为新秀，从未在NBA出场过。,双向合同,2.03米/6尺8,唐特-格兰瑟姆,15,F,本年薪金：7万美元,俄克拉荷马城雷霆,98公斤/215磅
,,,,,,,,,该球员为新秀，从未在NBA出场过。,双向合同,1.91米/6尺3,贾里德-特里尔,3,G,本年薪金：7万美元,明尼苏达森林狼,98公斤/215磅
,,,,,,,,,该球员为新秀，从未在NBA出场过。,双向合同,1.96米/6尺5,CJ-威廉姆斯,12,G,本年薪金：7万美元,明尼苏达森林狼,104公斤/230磅
,,,,,,,,,该球员为新秀，从未在NBA出场过。,双向合同,1.98米/6尺6,达文-里德,32,G,本年薪金：7万美元,印第安纳步行者,100公斤/220磅
,,,,,,,,,该球员为新秀，从未在NBA出场过。,双向合同,1.85米/6尺1,卡林-卢卡斯,24,G,本年薪金：7万美元,底特律活塞,88公斤/195磅
,,,,,,,,,该球员为新秀，从未在NBA出场过。,双向合同,1.98米/6尺6,PJ-多齐尔,50,G-F,本年薪金：7万美元,波士顿凯尔特人,93公斤/205磅
,,,,,,,,,该球员为新秀，从未在NBA出场过。,双向合同,2.06米/6尺9,以赛亚-希克斯,4,F,本年薪金：7万美元,纽约尼克斯,110公斤/242磅
场均助攻8.6次,场均盖帽0.30个,投篮命中率为43.6%,罚球命中率为79.6%,场均得分23.2分,场均篮板7.3个,场均抢断1.76次,三分命中率为30.7%,职业生涯场均出战34.7分钟,职业生涯每赛季场均出场75场,5年2.06亿美元，2017年夏天签，2022年有球员选项，2023年夏天到期,1.91米/6尺3,拉塞尔-威斯布鲁克,0,G,本年薪金：3850万美元,休斯顿火箭,91公斤/200磅
,,,,,,,,,该球员为新秀，从未在NBA出场过。,新秀合同，2019年夏天签，2022年到期，2021年，2022年球队选项,2.01米/6尺7,贾斯廷-詹姆斯,NULL,G,本年薪金：89万美元,萨克拉门托国王,83公斤/183磅
,,,,,,,,,该球员为新秀，从未在NBA出场过。,双向合同,2.06米/6尺9,韦尼恩-加布里埃尔,32,F,本年薪金：7万美元,萨克拉门托国王,93公斤/205磅
,,,,,,,,,该球员为新秀，从未在NBA出场过。,新秀合同，2019年夏天签，2023年到期，2022年，2023年球队选项,2.08米/6尺10,阿伦-斯马伊拉吉奇,6,F-C,本年薪金：89万美元,金州勇士,98公斤/216磅
,,,,,,,,,该球员为新秀，从未在NBA出场过。,双向合同,2.01米/6尺7,马库斯-德里克森,32,F,本年薪金：7万美元,金州勇士,113公斤/249磅
,,,,,,,,,该球员为新秀，从未在NBA出场过。,双向合同,1.98米/6尺6,达米恩-李,1,G,本年薪金：7万美元,金州勇士,95公斤/210磅
,,,,,,,,,该球员为新秀，从未在NBA出场过。,双向合同,1.98米/6尺6,乔治-金,8,F,本年薪金：7万美元,菲尼克斯太阳,100公斤/220磅
,,,,,,,,,该球员为新秀，从未在NBA出场过。,2年242万美元，2019年夏天签,1.93米/6尺4,塔伦-霍顿-塔克,5,G,本年薪金：89万美元,洛杉矶湖人,107公斤/235磅
场均助攻3.3次,场均盖帽0.20个,投篮命中率为45.4%,罚球命中率为87.3%,场均得分16.4分,场均篮板4.6个,场均抢断1.32次,三分命中率为38.3%,职业生涯场均出战32.4分钟,职业生涯每赛季场均出场67场,5年1.78亿美元，2019年夏天签，2024年到期,2.03米/6尺8,克里斯-米德尔顿,22,F-G,本年薪金：3068万美元,密尔沃基雄鹿,106公斤/234磅
场均助攻2.0次,场均盖帽0.50个,投篮命中率为47.0%,罚球命中率为82.5%,场均得分15.8分,场均篮板6.1个,场均抢断0.74次,三分命中率为37.1%,职业生涯场均出战30.9分钟,职业生涯每赛季场均出场52场,5年1.8亿美元，2019年夏天签，2024年到期,2.06米/6尺9,托拜厄斯-哈里斯,33,F,本年薪金：3103万美元,费城76人,107公斤/235磅
场均助攻6.0次,场均盖帽0.27个,投篮命中率为42.4%,罚球命中率为80.8%,场均得分14.1分,场均篮板4.2个,场均抢断1.30次,三分命中率为36.9%,职业生涯场均出战30.6分钟,职业生涯每赛季场均出场63场,3年1亿美元，2017年夏天签，2020年夏天到期，7百万美元不易达到的激励奖金,1.83米/6尺0,凯尔-洛瑞,7,G,本年薪金：3300万美元,多伦多猛龙,93公斤/205磅
,,,,,,,,,该球员为新秀，从未在NBA出场过。,双向合同,2.01米/6尺7,杰朗-布洛瑟姆盖姆,4,F,本年薪金：7万美元,克利夫兰骑士,100公斤/220磅
,,,,,,,,,该球员为新秀，从未在NBA出场过。,新秀合同，2019年夏天签，2023年到期，2022年，2023年球队选项,2.11米/6尺11,丹尼尔-加福德,12,F-C,本年薪金：89万美元,芝加哥公牛,107公斤/235磅
场均助攻0.7次,场均盖帽0.11个,投篮命中率为42.3%,罚球命中率为88.9%,场均得分5.0分,场均篮板1.6个,场均抢断0.32次,三分命中率为41.2%,职业生涯场均出战13.6分钟,职业生涯每赛季场均出场19场,NULL,2.03米/6尺8,弗兰克-梅森,NULL,G-F,本年薪金：万美元,密尔沃基雄鹿,102公斤/225磅
场均助攻1.7次,场均盖帽0.33个,投篮命中率为44.3%,罚球命中率为87.9%,场均得分9.8分,场均篮板2.9个,场均抢断0.62次,三分命中率为42.7%,职业生涯场均出战25.1分钟,职业生涯每赛季场均出场63场,NULL,2.01米/6尺7,卡姆-雷诺兹,26,G-F,本年薪金：万美元,密尔沃基雄鹿,96公斤/212磅
,,,,,,,,,该球员从未在NBA出场过。,NULL,1.96米/6尺5,凯尔-科沃尔,NULL,G,本年薪金：万美元,密尔沃基雄鹿,95公斤/210磅
,,,,,,,,,该球员从未在NBA出场过。,NULL,2.03米/6尺8,卢克-梅,NULL,F,本年薪金：万美元,密尔沃基雄鹿,109公斤/240磅
,,,,,,,,,该球员从未在NBA出场过。,NULL,1.98米/6尺6,萨纳西斯-阿德托昆博,43,F,本年薪金：万美元,密尔沃基雄鹿,93公斤/205磅
场均助攻2.3次,场均盖帽1.02个,投篮命中率为49.1%,罚球命中率为73.4%,场均得分14.1分,场均篮板7.4个,场均抢断1.29次,三分命中率为33.4%,职业生涯场均出战29.3分钟,职业生涯每赛季场均出场72场,3年9150万美元，2017年夏天签，2020年夏天到期，2019-2020赛季球队选项,2.03米/6尺8,保罗-米尔萨普,4,F,本年薪金：3050万美元,丹佛掘金,112公斤/246磅
场均助攻2.7次,场均盖帽0.50个,投篮命中率为50.2%,罚球命中率为72.2%,场均得分15.4分,场均篮板8.9个,场均抢断0.63次,三分命中率为30.7%,职业生涯场均出战28.5分钟,职业生涯每赛季场均出场62场,3年6300万美元，2019年夏天签，2022年到期,2.06米/6尺9,朱利叶斯-兰德尔,30,F,本年薪金：2000万美元,纽约尼克斯,113公斤/250磅
场均助攻5.5次,场均盖帽0.39个,投篮命中率为41.8%,罚球命中率为83.5%,场均得分19.8分,场均篮板3.8个,场均抢断1.32次,三分命中率为35.7%,职业生涯场均出战34.1分钟,职业生涯每赛季场均出场75场,4年1.41亿美元，2019年夏天签，2023年到期,1.85米/6尺1,肯巴-沃克,8,G,本年薪金：3274万美元,波士顿凯尔特人,83公斤/184磅
场均助攻0.2次,场均盖帽0.06个,投篮命中率为47.4%,罚球命中率为60.0%,场均得分1.4分,场均篮板1.4个,场均抢断0.35次,三分命中率为0%,职业生涯场均出战4.1分钟,职业生涯每赛季场均出场17场,NULL,2.06米/6尺9,贾里德-范德比尔特,8,F,本年薪金：万美元,丹佛掘金,97公斤/214磅
场均助攻3.6次,场均盖帽0.05个,投篮命中率为49.4%,罚球命中率为80.7%,场均得分10.1分,场均篮板2.3个,场均抢断0.89次,三分命中率为41.2%,职业生涯场均出战23.5分钟,职业生涯每赛季场均出场42场,NULL,1.88米/6尺2,蒙特-莫里斯,11,G,本年薪金：万美元,丹佛掘金,79公斤/175磅
场均助攻0.9次,场均盖帽0.54个,投篮命中率为44.5%,罚球命中率为67.6%,场均得分5.2分,场均篮板3.4个,场均抢断0.43次,三分命中率为31.7%,职业生涯场均出战18.7分钟,职业生涯每赛季场均出场57场,NULL,1.98米/6尺6,托里-克雷格,3,F,本年薪金：万美元,丹佛掘金,98公斤/215磅
场均助攻0.8次,场均盖帽0.10个,投篮命中率为46.1%,罚球命中率为78.9%,场均得分7.2分,场均篮板1.7个,场均抢断0.47次,三分命中率为38.8%,职业生涯场均出战15.9分钟,职业生涯每赛季场均出场55场,NULL,1.96米/6尺5,马利克-比斯利,25,G,本年薪金：万美元,丹佛掘金,89公斤/196磅
,,,,,,,,,该球员从未在NBA出场过。,NULL,2.18米/7尺2,波尔-波尔,10,C,本年薪金：万美元,丹佛掘金,94公斤/208磅
场均助攻1.4次,场均盖帽0.26个,投篮命中率为43.0%,罚球命中率为73.9%,场均得分11.3分,场均篮板4.6个,场均抢断0.68次,三分命中率为36.2%,职业生涯场均出战25.8分钟,职业生涯每赛季场均出场61场,2年2000万美元，2019年夏天签，2021年到期,2.06米/6尺9,马库斯-莫里斯,13,F,本年薪金：万美元,纽约尼克斯,107公斤/235磅
,,,,,,,,,该球员从未在NBA出场过。,NULL,1.98米/6尺6,马克思-斯特鲁斯,28,G,本年薪金：万美元,波士顿凯尔特人,98公斤/215磅
,,,,,,,,,该球员从未在NBA出场过。,NULL,1.8米/5尺11,特里蒙特-沃特斯,51,G,本年薪金：万美元,波士顿凯尔特人,76公斤/167磅
场均助攻0.3次,场均盖帽0.13个,投篮命中率为32.0%,罚球命中率为42.9%,场均得分2.7分,场均篮板0.7个,场均抢断0.07次,三分命中率为23.8%,职业生涯场均出战7.4分钟,职业生涯每赛季场均出场15场,NULL,1.98米/6尺6,小加里-特伦特,2,G,本年薪金：万美元,波特兰开拓者,93公斤/205磅
,,,,,,,,,该球员从未在NBA出场过。,NULL,1.98米/6尺6,纳西尔-利特尔,9,F,本年薪金：万美元,波特兰开拓者,102公斤/224磅
场均助攻1.8次,场均盖帽0.44个,投篮命中率为41.9%,罚球命中率为70.8%,场均得分8.4分,场均篮板2.9个,场均抢断0.97次,三分命中率为35.0%,职业生涯场均出战19.8分钟,职业生涯每赛季场均出场61场,NULL,1.96米/6尺5,肯特-贝兹莫尔,24,G,本年薪金：万美元,波特兰开拓者,91公斤/201磅
场均助攻0.6次,场均盖帽2.25个,投篮命中率为56.9%,罚球命中率为60.7%,场均得分13.4分,场均篮板11.4个,场均抢断0.63次,三分命中率为30.0%,职业生涯场均出战25.9分钟,职业生涯每赛季场均出场49场,NULL,2.13米/7尺0,哈桑-怀特塞德,21,C,本年薪金：万美元,波特兰开拓者,120公斤/265磅
,,,,,,,,,该球员从未在NBA出场过。,NULL,2.08米/6尺10,迪安-韦德,NULL,F,本年薪金：万美元,克利夫兰骑士,103公斤/228磅
场均助攻3.0次,场均盖帽0.35个,投篮命中率为45.3%,罚球命中率为83.9%,场均得分18.4分,场均篮板3.3个,场均抢断0.88次,三分命中率为40.0%,职业生涯场均出战31.0分钟,职业生涯每赛季场均出场70场,NULL,1.91米/6尺3,CJ-麦科勒姆,3,G,本年薪金：万美元,波特兰开拓者,86公斤/190磅
,,,,,,,,,该球员从未在NBA出场过。,NULL,1.96米/6尺5,亚当,20,G,本年薪金：万美元,芝加哥公牛,86公斤/190磅
场均助攻2.0次,场均盖帽0.39个,投篮命中率为44.2%,罚球命中率为68.3%,场均得分6.5分,场均篮板2.9个,场均抢断1.20次,三分命中率为26.1%,职业生涯场均出战18.9分钟,职业生涯每赛季场均出场48场,NULL,1.91米/6尺3,沙奎尔-哈里森,3,G,本年薪金：万美元,芝加哥公牛,86公斤/189磅
,,,,,,,,,该球员从未在NBA出场过。,NULL,2.08米/6尺10,凯尔-盖伊,NULL,F,本年薪金：万美元,萨克拉门托国王,104公斤/230磅
,,,,,,,,,该球员从未在NBA出场过。,NULL,1.88米/6尺2,瓦尼亚-马林科维奇,NULL,G,本年薪金：万美元,萨克拉门托国王,77公斤/170磅
场均助攻0.8次,场均盖帽0.68个,投篮命中率为42.2%,罚球命中率为63.6%,场均得分7.0分,场均篮板4.3个,场均抢断0.63次,三分命中率为28.7%,职业生涯场均出战17.8分钟,职业生涯每赛季场均出场48场,新秀合同，2019年夏天签，2023年到期，2022年，2023年球队选项,2.08米/6尺10,马基斯-克里斯,3,F,本年薪金：万美元,克利夫兰骑士,106公斤/233磅
,,,,,,,,,该球员从未在NBA出场过。,NULL,1.96米/6尺5,科斯塔斯-阿德托昆博,21,G,本年薪金：万美元,洛杉矶湖人,93公斤/206磅
场均助攻2.2次,场均盖帽0.41个,投篮命中率为45.3%,罚球命中率为73.1%,场均得分17.3分,场均篮板5.9个,场均抢断0.61次,三分命中率为33.5%,职业生涯场均出战32.1分钟,职业生涯每赛季场均出场73场,4年865万美元，2017年夏天签，2021年夏天到期，2019-20、2020-21赛季球队选项,2.06米/6尺9,凯尔-库兹马,0,F,本年薪金：197万美元,洛杉矶湖人,100公斤/220磅
,,,,,,,,,该球员从未在NBA出场过。,NULL,2.03米/6尺8,迪伦-温德勒,NULL,G-F,本年薪金：万美元,克利夫兰骑士,88公斤/194磅
,,,,,,,,,该球员从未在NBA出场过。,双向合同，2019年夏天签,2.01米/6尺7,小扎克-诺维尔,17,F-G,本年薪金：万美元,洛杉矶湖人,107公斤/235磅
场均助攻0.6次,场均盖帽0.06个,投篮命中率为39.9%,罚球命中率为81.8%,场均得分6.5分,场均篮板1.3个,场均抢断0.28次,三分命中率为39.7%,职业生涯场均出战14.5分钟,职业生涯每赛季场均出场37场,1年210万美元，2019年夏天签，2020年到期,1.93米/6尺4,特洛伊-丹尼尔斯,30,G,本年薪金：210万美元,洛杉矶湖人,93公斤/205磅
场均助攻8.4次,场均盖帽0.14个,投篮命中率为45.8%,罚球命中率为59.5%,场均得分10.1分,场均篮板4.8个,场均抢断1.64次,三分命中率为31.7%,职业生涯场均出战31.2分钟,职业生涯每赛季场均出场59场,2年518万美元，2019年夏天签，2021年到期,1.85米/6尺1,拉简-隆多,9,G,本年薪金：256万美元,洛杉矶湖人,84公斤/186磅
场均助攻2.1次,场均盖帽0.03个,投篮命中率为47.8%,罚球命中率为79.1%,场均得分7.7分,场均篮板2.0个,场均抢断0.31次,三分命中率为42.4%,职业生涯场均出战17.4分钟,职业生涯每赛季场均出场28场,2年600万美元，2019年夏天签，2021年到期,1.88米/6尺2,奎因-库克,2,G,本年薪金：292万美元,洛杉矶湖人,81公斤/179磅
场均助攻3.5次,场均盖帽1.26个,投篮命中率为46.0%,罚球命中率为74.2%,场均得分22.1分,场均篮板11.0个,场均抢断1.44次,三分命中率为34.2%,职业生涯场均出战32.5分钟,职业生涯每赛季场均出场57场,1年350万美元，2019年夏天签，2020年到期,2.11米/6尺11,德马库斯-考辛斯,15,C,本年薪金：350万美元,洛杉矶湖人,122公斤/270磅
场均助攻1.9次,场均盖帽0.21个,投篮命中率为43.1%,罚球命中率为78.2%,场均得分12.0分,场均篮板2.9个,场均抢断1.00次,三分命中率为36.3%,职业生涯场均出战29.0分钟,职业生涯每赛季场均出场48场,2年970万美元，2019年夏天签，2021年到期，2020年球员选项,1.88米/6尺2,埃弗里-布拉德利,11,G,本年薪金：476万美元,洛杉矶湖人,82公斤/180磅
场均助攻1.5次,场均盖帽0.19个,投篮命中率为46.5%,罚球命中率为72.7%,场均得分7.6分,场均篮板3.3个,场均抢断0.82次,三分命中率为39.2%,职业生涯场均出战22.8分钟,职业生涯每赛季场均出场65场,1年260万美元，2019年夏天签，2020年到期,2.01米/6尺7,贾里德-杜德利,10,F,本年薪金：260万美元,洛杉矶湖人,102公斤/225磅
场均助攻2.5次,场均盖帽0.31个,投篮命中率为43.9%,罚球命中率为76.6%,场均得分5.9分,场均篮板2.1个,场均抢断0.76次,三分命中率为39.8%,职业生涯场均出战17.6分钟,职业生涯每赛季场均出场31场,2年550万美元，2019年夏天签，2021年到期,1.96米/6尺5,亚历克斯-卡鲁索,4,G,本年薪金：264万美元,洛杉矶湖人,84公斤/186磅
场均助攻0.4次,场均盖帽1.52个,投篮命中率为57.0%,罚球命中率为58.1%,场均得分7.9分,场均篮板5.0个,场均抢断0.39次,三分命中率为6.1%,职业生涯场均出战17.1分钟,职业生涯每赛季场均出场48场,2年820万美元，2019年夏天签，2021年到期,2.13米/7尺0,贾维尔-麦基,7,C,本年薪金：394万美元,洛杉矶湖人,122公斤/270磅
场均助攻1.6次,场均盖帽0.19个,投篮命中率为41.2%,罚球命中率为79.9%,场均得分11.9分,场均篮板3.3个,场均抢断1.16次,三分命中率为34.5%,职业生涯场均出战29.7分钟,职业生涯每赛季场均出场78场,2年1600万美元，2019年夏天签，2021年到期,1.96米/6尺5,肯塔维厄斯-考德威尔-波普,1,G,本年薪金：769万美元,洛杉矶湖人,93公斤/205磅
场均助攻2.1次,场均盖帽2.43个,投篮命中率为52.0%,罚球命中率为80.0%,场均得分24.3分,场均篮板10.6个,场均抢断1.39次,三分命中率为32.0%,职业生涯场均出战34.8分钟,职业生涯每赛季场均出场67场,5年1.3亿美元，2015年夏天签，2016年夏天生效，2021年夏天到期，2020-21赛季球员选项,2.08米/6尺10,安东尼-戴维斯,3,F-C,本年薪金：2709万美元,洛杉矶湖人,115公斤/253磅
场均助攻2.4次,场均盖帽0.13个,投篮命中率为39.3%,罚球命中率为78.7%,场均得分5.7分,场均篮板1.8个,场均抢断0.60次,三分命中率为29.5%,职业生涯场均出战18.1分钟,职业生涯每赛季场均出场53场,NULL,1.88米/6尺2,埃利-奥科博,2,G,本年薪金：万美元,菲尼克斯太阳,82公斤/180磅
场均助攻1.6次,场均盖帽0.85个,投篮命中率为42.0%,罚球命中率为81.2%,场均得分9.0分,场均篮板3.5个,场均抢断0.97次,三分命中率为40.0%,职业生涯场均出战25.4分钟,职业生涯每赛季场均出场62场,2年3000万美元，2019年夏天签，2021年到期,1.98米/6尺6,丹尼-格林,14,G-F,本年薪金：1463万美元,洛杉矶湖人,98公斤/215磅
场均助攻1.3次,场均盖帽0.05个,投篮命中率为42.1%,罚球命中率为87.7%,场均得分5.9分,场均篮板1.0个,场均抢断0.37次,三分命中率为39.5%,职业生涯场均出战12.7分钟,职业生涯每赛季场均出场32场,NULL,1.88米/6尺2,吉默-弗雷戴特,32,G,本年薪金：万美元,菲尼克斯太阳,88公斤/195磅
场均助攻0.4次,场均盖帽0.44个,投篮命中率为58.4%,罚球命中率为75.0%,场均得分5.3分,场均篮板4.5个,场均抢断0.30次,三分命中率为25.0%,职业生涯场均出战12.2分钟,职业生涯每赛季场均出场46场,NULL,2.06米/6尺9,谢赫-迪亚洛,14,F,本年薪金：万美元,菲尼克斯太阳,100公斤/220磅
,,,,,,,,,该球员从未在NBA出场过。,NULL,2.06米/6尺9,卡梅伦-约翰逊,23,G,本年薪金：万美元,菲尼克斯太阳,95公斤/210磅
,,,,,,,,,该球员从未在NBA出场过。,NULL,1.96米/6尺5,泰-杰罗姆,10,G,本年薪金：万美元,菲尼克斯太阳,91公斤/200磅
场均助攻7.4次,场均盖帽0.13个,投篮命中率为39.2%,罚球命中率为84.2%,场均得分11.4分,场均篮板4.2个,场均抢断1.88次,三分命中率为32.7%,职业生涯场均出战30.7分钟,职业生涯每赛季场均出场63场,NULL,1.93米/6尺4,里基-卢比奥,11,G,本年薪金：万美元,菲尼克斯太阳,86公斤/190磅
场均助攻2.1次,场均盖帽0.46个,投篮命中率为43.0%,罚球命中率为80.5%,场均得分8.3分,场均篮板3.2个,场均抢断1.57次,三分命中率为33.5%,职业生涯场均出战29.5分钟,职业生涯每赛季场均出场82场,NULL,2.01米/6尺7,米卡尔-布里奇斯,25,F,本年薪金：万美元,菲尼克斯太阳,95公斤/209磅
场均助攻1.8次,场均盖帽0.28个,投篮命中率为30.3%,罚球命中率为81.2%,场均得分4.4分,场均篮板1.7个,场均抢断0.67次,三分命中率为33.3%,职业生涯场均出战14.8分钟,职业生涯每赛季场均出场39场,2年226万美元，2018年夏天签，2020年夏天到期,1.88米/6尺2,杰文-卡特,4,G,本年薪金：142万美元,菲尼克斯太阳,91公斤/200磅
场均助攻2.1次,场均盖帽0.22个,投篮命中率为43.8%,罚球命中率为84.8%,场均得分12.6分,场均篮板6.2个,场均抢断0.62次,三分命中率为36.8%,职业生涯场均出战27.1分钟,职业生涯每赛季场均出场66场,4年1075万美元，2016年夏天签，2020年夏天到期。,2.08米/6尺10,达里奥-沙里奇,20,F,本年薪金：348万美元,菲尼克斯太阳,101公斤/223磅
场均助攻1.6次,场均盖帽0.38个,投篮命中率为41.9%,罚球命中率为76.0%,场均得分9.8分,场均篮板4.0个,场均抢断0.47次,三分命中率为34.9%,职业生涯场均出战22.2分钟,职业生涯每赛季场均出场70场,2年1000万美元，2019年夏天签，2021年到期,2.13米/7尺0,弗兰克-卡明斯基,8,F-C,本年薪金：476万美元,菲尼克斯太阳,109公斤/240磅
场均助攻0.8次,场均盖帽0.51个,投篮命中率为49.3%,罚球命中率为80.1%,场均得分5.5分,场均篮板4.6个,场均抢断0.22次,三分命中率为25.5%,职业生涯场均出战15.6分钟,职业生涯每赛季场均出场63场,2年1065万美元，2018年夏天签,2.08米/6尺10,阿隆-贝恩斯,46,C-F,本年薪金：545万美元,菲尼克斯太阳,118公斤/260磅
场均助攻2.5次,场均盖帽0.47个,投篮命中率为43.1%,罚球命中率为77.5%,场均得分11.1分,场均篮板3.3个,场均抢断0.92次,三分命中率为36.2%,职业生涯场均出战27.1分钟,职业生涯每赛季场均出场49场,4年5000万美元，2016年夏天签，2020年夏天到期，2019-20赛季球员选项，15%的交易保证金,1.93米/6尺4,泰勒-约翰逊,16,G,本年薪金：1963万美元,菲尼克斯太阳,84公斤/186磅
场均助攻1.8次,场均盖帽0.94个,投篮命中率为58.5%,罚球命中率为74.6%,场均得分16.3分,场均篮板10.3个,场均抢断0.86次,三分命中率为0%,职业生涯场均出战30.7分钟,职业生涯每赛季场均出场71场,4年4037万美元，2018年夏天签，2022年夏天到期，2020-21赛季及2021-22赛季球队选项,2.16米/7尺1,德安德烈-艾顿,22,C,本年薪金：956万美元,菲尼克斯太阳,118公斤/260磅
场均助攻1.0次,场均盖帽0.48个,投篮命中率为42.4%,罚球命中率为78.6%,场均得分10.7分,场均篮板4.0个,场均抢断0.92次,三分命中率为32.5%,职业生涯场均出战24.0分钟,职业生涯每赛季场均出场63场,2年3000万美元，2019年夏天签，2021年夏天到期,2.01米/6尺7,凯利-乌布雷,3,F,本年薪金：1442万美元,菲尼克斯太阳,93公斤/205磅
,,,,,,,,,该球员从未在NBA出场过。,NULL,2.01米/6尺7,埃里克-帕斯卡尔,7,F,本年薪金：万美元,金州勇士,115公斤/253磅
,,,,,,,,,该球员从未在NBA出场过。,NULL,1.85米/6尺1,凯-鲍曼,NULL,G,本年薪金：万美元,金州勇士,85公斤/188磅
场均助攻0.3次,场均盖帽0.17个,投篮命中率为49.2%,罚球命中率为57.4%,场均得分3.8分,场均篮板2.6个,场均抢断0.20次,三分命中率为35.3%,职业生涯场均出战11.1分钟,职业生涯每赛季场均出场33场,2年277万美元，2018年夏天签，2020年夏天到期,2.03米/6尺8,阿方索-麦金尼,28,F,本年薪金：142万美元,金州勇士,98公斤/215磅
场均助攻0.5次,场均盖帽0.15个,投篮命中率为43.4%,罚球命中率为72.4%,场均得分4.1分,场均篮板1.9个,场均抢断0.40次,三分命中率为36.1%,职业生涯场均出战13.5分钟,职业生涯每赛季场均出场34场,1年188万美元，2019年夏天签，2020年夏天到期,1.98米/6尺6,格伦-罗宾逊三世,22,G-F,本年薪金：188万美元,金州勇士,101公斤/222磅
场均助攻1.0次,场均盖帽0.54个,投篮命中率为40.2%,罚球命中率为71.1%,场均得分5.9分,场均篮板4.2个,场均抢断0.57次,三分命中率为34.4%,职业生涯场均出战17.5分钟,职业生涯每赛季场均出场46场,4年909万美元，2018年夏天签，2022年夏天到期，2020和2021年球队选项,2.06米/6尺9,奥马里-斯佩尔曼,NULL,F,本年薪金：190万美元,金州勇士,111公斤/245磅
场均助攻1.7次,场均盖帽0.19个,投篮命中率为42.0%,罚球命中率为78.3%,场均得分9.2分,场均篮板3.1个,场均抢断0.60次,三分命中率为35.4%,职业生涯场均出战20.6分钟,职业生涯每赛季场均出场46场,1年232万美元，2019年夏天签，2020年夏天到期,1.98米/6尺6,亚历克-伯克斯,8,G,本年薪金：232万美元,金州勇士,97公斤/214磅
场均助攻0.8次,场均盖帽0.10个,投篮命中率为34.0%,罚球命中率为0%,场均得分1.3分,场均篮板0.8个,场均抢断0.17次,三分命中率为26.7%,职业生涯场均出战6.8分钟,职业生涯每赛季场均出场30场,4年922万美元，2018年夏天签，2022年夏天到期，其中2021年2022年俱乐部选项,1.98米/6尺6,雅各布-埃文斯,10,G,本年薪金：192万美元,金州勇士,95公斤/210磅
,,,,,,,,,该球员从未在NBA出场过。,2年403万美元，2019年夏天签,1.96米/6尺5,乔丹-普尔,3,G,本年薪金：196万美元,金州勇士,88公斤/194磅
场均助攻0.9次,场均盖帽0.67个,投篮命中率为59.1%,罚球命中率为58.0%,场均得分4.4分,场均篮板3.6个,场均抢断0.48次,三分命中率为19.4%,职业生涯场均出战14.0分钟,职业生涯每赛季场均出场54场,3年1500万美元，2019年夏天签，2022年到期,2.06米/6尺9,凯文-卢尼,5,F,本年薪金：462万美元,金州勇士,100公斤/220磅
场均助攻1.6次,场均盖帽0.77个,投篮命中率为53.4%,罚球命中率为61.1%,场均得分10.1分,场均篮板6.4个,场均抢断0.93次,三分命中率为22.2%,职业生涯场均出战24.0分钟,职业生涯每赛季场均出场73场,4年1535万美元，2015年夏天签，2019年夏天到期，2017-18赛季、2018-19赛季球队选项,2.13米/7尺0,威利-考利-斯坦,2,C,本年薪金：470万美元,金州勇士,109公斤/240磅
场均助攻5.1次,场均盖帽1.11个,投篮命中率为44.1%,罚球命中率为71.5%,场均得分9.3分,场均篮板7.0个,场均抢断1.36次,三分命中率为31.9%,职业生涯场均出战28.6分钟,职业生涯每赛季场均出场75场,4年1亿美元提前续约，2019年夏天签，2023-24赛季为球员选项,2.01米/6尺7,德雷蒙德-格林,23,F,本年薪金：1854万美元,金州勇士,104公斤/230磅
场均助攻5.1次,场均盖帽0.24个,投篮命中率为41.9%,罚球命中率为76.2%,场均得分16.5分,场均篮板3.7个,场均抢断1.16次,三分命中率为35.3%,职业生涯场均出战28.5分钟,职业生涯每赛季场均出场68场,4年1.17亿美元，2019年夏天签，2023年到期,1.96米/6尺5,丹吉洛-拉塞尔,NULL,G,本年薪金：2728万美元,金州勇士,88公斤/195磅
场均助攻2.3次,场均盖帽0.53个,投篮命中率为46.2%,罚球命中率为84.7%,场均得分19.6分,场均篮板3.5个,场均抢断0.90次,三分命中率为42.1%,职业生涯场均出战33.2分钟,职业生涯每赛季场均出场76场,5年1.9亿美元，2019年夏天签，2024年到期,2.01米/6尺7,克莱-汤普森,11,G,本年薪金：3274万美元,金州勇士,98公斤/215磅
场均助攻0.5次,场均盖帽0.08个,投篮命中率为37.2%,罚球命中率为66.7%,场均得分2.2分,场均篮板2.5个,场均抢断0.23次,三分命中率为13.3%,职业生涯场均出战7.6分钟,职业生涯每赛季场均出场19场,4年890万美元，2017年夏天签，2021年夏天到期，2019-20、2020-21赛季球队选项,2.06米/6尺9,凯莱布-斯瓦尼根,50,F,本年薪金：203万美元,萨克拉门托国王,113公斤/250磅
,,,,,,,,,该球员从未在NBA出场过。,NULL,2.01米/6尺7,以赛亚-皮内罗,NULL,F,本年薪金：万美元,萨克拉门托国王,98公斤/215磅
场均助攻0.2次,场均盖帽0个,投篮命中率为50.0%,罚球命中率为33.3%,场均得分0.9分,场均篮板0.7个,场均抢断0.08次,三分命中率为40.0%,职业生涯场均出战3.7分钟,职业生涯每赛季场均出场13场,2年底薪，2019年签，2021年到期,2.06米/6尺9,泰勒-莱登,41,F,本年薪金：162万美元,萨克拉门托国王,100公斤/220磅
场均助攻1.5次,场均盖帽0.38个,投篮命中率为50.3%,罚球命中率为63.7%,场均得分7.0分,场均篮板3.8个,场均抢断0.53次,三分命中率为0%,职业生涯场均出战14.1分钟,职业生涯每赛季场均出场29场,4年1062万美元，2017年夏天签，2021年夏天到期，2019-20、2020-21赛季球队选项,2.08米/6尺10,哈里-贾尔斯,20,F-C,本年薪金：258万美元,萨克拉门托国王,109公斤/240磅
场均助攻2.8次,场均盖帽0.13个,投篮命中率为41.9%,罚球命中率为83.3%,场均得分8.9分,场均篮板2.4个,场均抢断0.75次,三分命中率为37.7%,职业生涯场均出战23.4分钟,职业生涯每赛季场均出场49场,2年615万美元，2018年夏天签，2020年夏天到期,1.83米/6尺0,约吉-费雷尔,3,G,本年薪金：315万美元,萨克拉门托国王,82公斤/180磅
场均助攻1.0次,场均盖帽0.85个,投篮命中率为56.4%,罚球命中率为70.0%,场均得分7.4分,场均篮板4.4个,场均抢断0.52次,三分命中率为23.5%,职业生涯场均出战16.7分钟,职业生涯每赛季场均出场54场,2年1000万美元，2019年夏天签，2021年到期,2.08米/6尺10,里乔恩-霍姆斯,22,F-C,本年薪金：476万美元,萨克拉门托国王,111公斤/245磅
场均助攻5.9次,场均盖帽0.42个,投篮命中率为43.9%,罚球命中率为72.5%,场均得分14.6分,场均篮板3.3个,场均抢断1.32次,三分命中率为34.5%,职业生涯场均出战29.7分钟,职业生涯每赛季场均出场77场,4年2457万美元，2017年夏天签，2021年夏天到期，2019-20、2020-21赛季球队选项,1.91米/6尺3,达龙-福克斯,5,G,本年薪金：639万美元,萨克拉门托国王,79公斤/175磅
场均助攻1.4次,场均盖帽0.38个,投篮命中率为46.1%,罚球命中率为76.2%,场均得分7.0分,场均篮板4.3个,场均抢断0.65次,三分命中率为38.8%,职业生涯场均出战20.2分钟,职业生涯每赛季场均出场67场,3年2047万美元，2018年夏天签，2021年夏天到期，其中1332万受保障，2020-21赛季无保障,2.08米/6尺10,内马尼亚-别利察,88,F,本年薪金：682万美元,萨克拉门托国王,102公斤/225磅
场均助攻1.8次,场均盖帽0.22个,投篮命中率为44.2%,罚球命中率为86.9%,场均得分13.8分,场均篮板3.9个,场均抢断0.67次,三分命中率为41.3%,职业生涯场均出战25.8分钟,职业生涯每赛季场均出场65场,4年1589万美元，2016年夏天签，2020年夏天到期，2018-19赛季、2019-20赛季球队选项,1.93米/6尺4,巴迪-希尔德,24,G,本年薪金：486万美元,萨克拉门托国王,97公斤/214磅
场均助攻3.5次,场均盖帽0.21个,投篮命中率为43.1%,罚球命中率为83.3%,场均得分12.9分,场均篮板3.1个,场均抢断0.97次,三分命中率为37.5%,职业生涯场均出战27.9分钟,职业生涯每赛季场均出场74场,3年2700万美元，2017年夏天签，2020年夏天到期,1.98米/6尺6,波格丹-波格丹诺维奇,8,G,本年薪金：853万美元,萨克拉门托国王,93公斤/205磅
场均助攻1次,场均盖帽0.95个,投篮命中率为50.4%,罚球命中率为69.1%,场均得分14.9分,场均篮板7.6个,场均抢断0.53次,三分命中率为31.2%,职业生涯场均出战25.3分钟,职业生涯每赛季场均出场62场,4年3613万美元，2018年夏天签，2022年夏天到期，2020-21赛季及2021-22赛季球队选项,2.11米/6尺11,马文-巴格利,35,F,本年薪金：856万美元,萨克拉门托国王,107公斤/235磅
场均助攻2.9次,场均盖帽0.21个,投篮命中率为44.1%,罚球命中率为75.9%,场均得分7.1分,场均篮板2.7个,场均抢断0.80次,三分命中率为33.3%,职业生涯场均出战22.2分钟,职业生涯每赛季场均出场67场,3年3700万美元，2019年夏天签，2022年到期,1.91米/6尺3,科里-约瑟夫,9,G,本年薪金：1174万美元,萨克拉门托国王,86公斤/190磅
场均助攻2.2次,场均盖帽0.30个,投篮命中率为42.1%,罚球命中率为72.8%,场均得分10.4分,场均篮板4.7个,场均抢断1.45次,三分命中率为35.1%,职业生涯场均出战29.3分钟,职业生涯每赛季场均出场56场,2年2500万美元，2019年夏天签，2021年到期,2.03米/6尺8,特雷沃-阿里扎,0,F,本年薪金：1219万美元,萨克拉门托国王,98公斤/215磅
场均助攻0.7次,场均盖帽0.85个,投篮命中率为53.0%,罚球命中率为72.0%,场均得分6.2分,场均篮板5.9个,场均抢断0.52次,三分命中率为37.0%,职业生涯场均出战17.9分钟,职业生涯每赛季场均出场42场,3年4100万美元，2019年夏天签，2022年到期,2.13米/7尺0,德维恩-戴德蒙,NULL,C,本年薪金：1269万美元,萨克拉门托国王,111公斤/245磅
场均助攻1.9次,场均盖帽1.29个,投篮命中率为49.6%,罚球命中率为64.7%,场均得分11.9分,场均篮板8.1个,场均抢断0.83次,三分命中率为6.0%,职业生涯场均出战23.3分钟,职业生涯每赛季场均出场56场,NULL,2.13米/7尺0,优素福-努尔基奇,27,C,本年薪金：万美元,波特兰开拓者,127公斤/280磅
,,,,,,,,,该球员从未在NBA出场过。,NULL,2.06米/6尺9,杰伦-赫尔德,6,F,本年薪金：万美元,波特兰开拓者,97公斤/213磅
场均助攻1.0次,场均盖帽0.32个,投篮命中率为41.9%,罚球命中率为77.3%,场均得分6.7分,场均篮板3.6个,场均抢断0.39次,三分命中率为37.2%,职业生涯场均出战20.5分钟,职业生涯每赛季场均出场52场,1年260万美元，2019年夏天签，2020年到期,2.03米/6尺8,安东尼-托利弗,43,F,本年薪金：260万美元,波特兰开拓者,109公斤/240磅
场均助攻1.3次,场均盖帽0.26个,投篮命中率为41.7%,罚球命中率为81.1%,场均得分7.3分,场均篮板3.0个,场均抢断0.75次,三分命中率为32.1%,职业生涯场均出战18.9分钟,职业生涯每赛季场均出场69场,NULL,2.03米/6尺8,马里奥-海佐尼亚,44,F-G,本年薪金：万美元,波特兰开拓者,99公斤/218磅
场均助攻1.8次,场均盖帽0.19个,投篮命中率为42.5%,罚球命中率为85.0%,场均得分12.6分,场均篮板2.7个,场均抢断0.77次,三分命中率为36.8%,职业生涯场均出战27.0分钟,职业生涯每赛季场均出场50场,NULL,2.03米/6尺8,罗德尼-胡德,5,G,本年薪金：万美元,波特兰开拓者,93公斤/206磅
场均助攻0.7次,场均盖帽0个,投篮命中率为44.4%,罚球命中率为56.2%,场均得分3.8分,场均篮板0.7个,场均抢断0.05次,三分命中率为34.5%,职业生涯场均出战7.0分钟,职业生涯每赛季场均出场20场,4年1017万美元，2018年夏天签，2022年夏天到期,1.91米/6尺3,安芬尼-西蒙斯,1,G,本年薪金：215万美元,波特兰开拓者,83公斤/183磅
场均助攻0.9次,场均盖帽0.54个,投篮命中率为48.3%,罚球命中率为73.0%,场均得分6.9分,场均篮板3.9个,场均抢断0.37次,三分命中率为38.8%,职业生涯场均出战16.1分钟,职业生涯每赛季场均出场27场,4年607万美元，2016年夏天签，2020年夏天到期，2018-19赛季、2019-20赛季球队选项,2.11米/6尺11,斯卡尔-拉比西埃,17,F,本年薪金：234万美元,波特兰开拓者,102公斤/225磅
场均助攻3.2次,场均盖帽1.52个,投篮命中率为50.7%,罚球命中率为75.6%,场均得分16.5分,场均篮板9.0个,场均抢断0.48次,三分命中率为36.5%,职业生涯场均出战32.5分钟,职业生涯每赛季场均出场60场,1年260万美元加盟，2019年夏天签，2020年到期,2.13米/7尺0,保罗-加索尔,16,C-F,本年薪金：260万美元,波特兰开拓者,113公斤/250磅
场均助攻6.4次,场均盖帽0.32个,投篮命中率为43.4%,罚球命中率为89.3%,场均得分23.9分,场均篮板4.2个,场均抢断0.98次,三分命中率为36.7%,职业生涯场均出战36.3分钟,职业生涯每赛季场均出场77场,NULL,1.91米/6尺3,达米安-利拉德,0,G,本年薪金：万美元,波特兰开拓者,88公斤/195磅
场均助攻0.8次,场均盖帽0.13个,投篮命中率为40.6%,罚球命中率为69.6%,场均得分7.5分,场均篮板1.8个,场均抢断0.25次,三分命中率为35.7%,职业生涯场均出战15.0分钟,职业生涯每赛季场均出场38场,2年294万美元，2018年夏天签，2020年夏天到期,1.93米/6尺4,安东尼奥-布莱克尼,9,G,本年薪金：159万美元,芝加哥公牛,89公斤/197磅
场均助攻0.8次,场均盖帽0.14个,投篮命中率为45.9%,罚球命中率为60.5%,场均得分5.2分,场均篮板4.2个,场均抢断0.52次,三分命中率为28.0%,职业生涯场均出战20.3分钟,职业生涯每赛季场均出场44场,4年1078万美元，2018年夏天签，2022年夏天到期，2020和2021年球队选项,2.01米/6尺7,钱德勒-哈奇森,15,F,本年薪金：233万美元,芝加哥公牛,89公斤/196磅
场均助攻1.8次,场均盖帽1.32个,投篮命中率为48.5%,罚球命中率为79.5%,场均得分10.3分,场均篮板7.0个,场均抢断0.59次,三分命中率为18.8%,职业生涯场均出战25.2分钟,职业生涯每赛季场均出场44场,4年2201万美元，2018年夏天签，2022年夏天到期，2020和2021年球队选项,2.08米/6尺10,温德尔-卡特,34,F,本年薪金：520万美元,芝加哥公牛,117公斤/259磅
场均助攻1.2次,场均盖帽0.88个,投篮命中率为38.2%,罚球命中率为80.7%,场均得分6.9分,场均篮板3.0个,场均抢断0.50次,三分命中率为36.0%,职业生涯场均出战16.8分钟,职业生涯每赛季场均出场33场,1年162万美元，2018年夏天签，2019年夏天到期,2.16米/7尺1,卢克-科内特,2,F-C,本年薪金：162万美元,芝加哥公牛,113公斤/250磅
,,,,,,,,,该球员从未在NBA出场过。,新秀合同，2019年夏天签，2023年到期，2022年，2023年球队选项,1.96米/6尺5,科比-怀特,0,G,本年薪金：530万美元,芝加哥公牛,84公斤/185磅
场均助攻2.9次,场均盖帽0.04个,投篮命中率为44.4%,罚球命中率为87.0%,场均得分5.6分,场均篮板2.3个,场均抢断0.74次,三分命中率为36.3%,职业生涯场均出战21.6分钟,职业生涯每赛季场均出场52场,3年900万美元，2019年夏天签,1.91米/6尺3,里安-阿尔奇迪亚科诺,51,G,本年薪金：300万美元,芝加哥公牛,88公斤/195磅
场均助攻2.3次,场均盖帽0.13个,投篮命中率为39.9%,罚球命中率为75.4%,场均得分8.0分,场均篮板4.1个,场均抢断0.71次,三分命中率为37.4%,职业生涯场均出战22.9分钟,职业生涯每赛季场均出场67场,4年805万美元，2016年夏天签，2020年夏天到期，2018-19赛季、2019-20赛季球队选项,1.98米/6尺6,登泽尔-瓦伦丁,45,G,本年薪金：338万美元,芝加哥公牛,96公斤/212磅
场均助攻4.4次,场均盖帽0.48个,投篮命中率为41.7%,罚球命中率为72.3%,场均得分8.6分,场均篮板3.3个,场均抢断1.42次,三分命中率为32.3%,职业生涯场均出战24.1分钟,职业生涯每赛季场均出场58场,4年1749万美元，2016年夏天签，2020年夏天到期，2018-19赛季、2019-20赛季球队选项,1.93米/6尺4,克里斯-邓恩,32,G,本年薪金：535万美元,芝加哥公牛,93公斤/205磅
场均助攻1.3次,场均盖帽0.61个,投篮命中率为43.2%,罚球命中率为85.9%,场均得分16.7分,场均篮板8.2个,场均抢断0.63次,三分命中率为36.2%,职业生涯场均出战30.9分钟,职业生涯每赛季场均出场60场,4年2039万美元，2017年夏天签，2021年夏天到期，2019-2020、2020-2021赛季球队选项,2.13米/7尺0,劳里-马尔卡宁,24,F,本年薪金：530万美元,芝加哥公牛,104公斤/230磅
场均助攻0.7次,场均盖帽0.23个,投篮命中率为56.8%,罚球命中率为67.0%,场均得分4.6分,场均篮板4.1个,场均抢断0.27次,三分命中率为0%,职业生涯场均出战14.5分钟,职业生涯每赛季场均出场53场,4年3200万美元，2017年夏天签，2021年夏天到期,2.06米/6尺9,克里斯蒂亚诺-费利西奥,6,F-C,本年薪金：816万美元,芝加哥公牛,121公斤/266磅
场均助攻3.8次,场均盖帽0.17个,投篮命中率为49.8%,罚球命中率为79.0%,场均得分6.8分,场均篮板2.9个,场均抢断0.75次,三分命中率为41.6%,职业生涯场均出战21.8分钟,职业生涯每赛季场均出场70场,3年3000万美元，2019年夏天签，2022年到期,2.01米/6尺7,托马什-萨托兰斯基,31,G-F,本年薪金：952万美元,芝加哥公牛,95公斤/210磅
场均助攻1.7次,场均盖帽0.40个,投篮命中率为49.7%,罚球命中率为66.8%,场均得分13.3分,场均篮板6.0个,场均抢断1.49次,三分命中率为32.8%,职业生涯场均出战30.9分钟,职业生涯每赛季场均出场70场,3年4100万美元，2019年夏天签,2.03米/6尺8,赛迪斯-杨,21,F,本年薪金：1301万美元,芝加哥公牛,100公斤/221磅
场均助攻3.5次,场均盖帽0.23个,投篮命中率为44.6%,罚球命中率为82.4%,场均得分16.1分,场均篮板3.4个,场均抢断0.85次,三分命中率为37.3%,职业生涯场均出战29.9分钟,职业生涯每赛季场均出场58场,4年7800万美元，2018年夏天签，2022年夏天到期,1.96米/6尺5,扎克-拉文,8,G,本年薪金：1950万美元,芝加哥公牛,84公斤/185磅
,,,,,,,,,该球员从未在NBA出场过。,新秀合同，2019年夏天签，2023年到期，2022年，2023年球队选项,1.98米/6尺6,小凯文-波特,4,G,本年薪金：129万美元,克利夫兰骑士,97公斤/213磅
场均助攻0.5次,场均盖帽0.39个,投篮命中率为60.4%,罚球命中率为71.1%,场均得分5.7分,场均篮板3.6个,场均抢断0.14次,三分命中率为0%,职业生涯场均出战12.3分钟,职业生涯每赛季场均出场41场,4年975万美元，2017年夏天签，2021年夏天到期，2019-2020、2020-2021赛季球队选项,2.11米/6尺11,安特-日日奇,41,C,本年薪金：228万美元,克利夫兰骑士,113公斤/250磅
场均助攻1.0次,场均盖帽0.57个,投篮命中率为44.2%,罚球命中率为82.5%,场均得分8.4分,场均篮板4.3个,场均抢断0.50次,三分命中率为38.6%,职业生涯场均出战21.4分钟,职业生涯每赛季场均出场59场,1年239万美元，2018年夏天签，2019年夏天到期,2.11米/6尺11,钱宁-弗莱,9,F-C,本年薪金：239万美元,克利夫兰骑士,116公斤/255磅
场均助攻1.4次,场均盖帽0.09个,投篮命中率为44.4%,罚球命中率为70.7%,场均得分7.4分,场均篮板3.0个,场均抢断0.53次,三分命中率为35.4%,职业生涯场均出战19.1分钟,职业生涯每赛季场均出场66场,3年832万美元，2017年夏天签，2020年夏天到期,2.03米/6尺8,切迪-奥斯曼,16,F,本年薪金：290万美元,克利夫兰骑士,98公斤/215磅
场均助攻3.0次,场均盖帽0.07个,投篮命中率为43.0%,罚球命中率为83.9%,场均得分16.7分,场均篮板2.9个,场均抢断0.54次,三分命中率为40.2%,职业生涯场均出战31.8分钟,职业生涯每赛季场均出场82场,4年2017万美元，2018年夏天签，2022年夏天到期，2020和2021年球队选项,1.91米/6尺3,科林-塞克斯顿,2,G,本年薪金：476万美元,克利夫兰骑士,86公斤/190磅
,,,,,,,,,该球员从未在NBA出场过。,新秀合同，2019年夏天签，2023年到期，2022年，2023年球队选项,1.88米/6尺2,达里厄斯-加兰,10,G,本年薪金：640万美元,克利夫兰骑士,78公斤/173磅
场均助攻4.0次,场均盖帽0.16个,投篮命中率为41.3%,罚球命中率为82.0%,场均得分14.2分,场均篮板3.1个,场均抢断0.93次,三分命中率为35.7%,职业生涯场均出战29.5分钟,职业生涯每赛季场均出场43场,5年7000万美元，2015年夏天签，2020年夏天到期,1.91米/6尺3,布兰登-奈特,20,G,本年薪金：1564万美元,克利夫兰骑士,88公斤/195磅
场均助攻3.8次,场均盖帽0.04个,投篮命中率为39.2%,罚球命中率为83.7%,场均得分5.8分,场均篮板1.8个,场均抢断0.45次,三分命中率为37.6%,职业生涯场均出战20.6分钟,职业生涯每赛季场均出场51场,4年3840万美元，2016年夏天签，2020年夏天到期,1.93米/6尺4,马修-戴拉维多瓦,18,G,本年薪金：960万美元,克利夫兰骑士,90公斤/198磅
场均助攻0.9次,场均盖帽0.67个,投篮命中率为52.1%,罚球命中率为60.7%,场均得分8.9分,场均篮板8.4个,场均抢断0.49次,三分命中率为0%,职业生涯场均出战27.2分钟,职业生涯每赛季场均出场68场,5年8200万美元，2015年夏天签，2020年夏天到期,2.06米/6尺9,特里斯坦-汤普森,13,C-F,本年薪金：1854万美元,克利夫兰骑士,108公斤/238磅
场均助攻1.2次,场均盖帽1.45个,投篮命中率为54.3%,罚球命中率为57.2%,场均得分7.9分,场均篮板5.6个,场均抢断0.48次,三分命中率为29.3%,职业生涯场均出战20.8分钟,职业生涯每赛季场均出场55场,4年4400万美元，2015年10月签，2016年夏天生效，2020年夏天到期,2.11米/6尺11,约翰-亨森,31,C-F,本年薪金：973万美元,克利夫兰骑士,104公斤/229磅
场均助攻7.4次,场均盖帽0.78个,投篮命中率为50.7%,罚球命中率为73.6%,场均得分27.2分,场均篮板7.5个,场均抢断1.60次,三分命中率为34.5%,职业生涯场均出战38.5分钟,职业生涯每赛季场均出场75场,4年1.56亿美元，2018年夏天签，2022年到期，2021-22赛季球员选项,2.03米/6尺8,勒布朗-詹姆斯,23,F-G,本年薪金：3744万美元,洛杉矶湖人,113公斤/250磅
场均助攻1.6次,场均盖帽0.55个,投篮命中率为54.8%,罚球命中率为69.0%,场均得分7.9分,场均篮板6.6个,场均抢断1.27次,三分命中率为28.6%,职业生涯场均出战22.6分钟,职业生涯每赛季场均出场54场,"4年590万美元，2015年夏天签，2019年夏天到期，2017-18赛季、2018-19赛季球队选项。
2018年10月提前续约4年4500万美元，2019年夏天生效",2.06米/6尺9,小拉里-南斯,22,F,本年薪金：1270万美元,克利夫兰骑士,104公斤/230磅
场均助攻2.7次,场均盖帽0.11个,投篮命中率为44.6%,罚球命中率为81.2%,场均得分14.6分,场均篮板3.1个,场均抢断0.86次,三分命中率为33.8%,职业生涯场均出战26.8分钟,职业生涯每赛季场均出场66场,4年5000万美元，2016年夏天签，2020年夏天到期,1.96米/6尺5,乔丹-克拉克森,8,G,本年薪金：1344万美元,克利夫兰骑士,88公斤/194磅
场均助攻4.2次,场均盖帽0.25个,投篮命中率为43.7%,罚球命中率为85.4%,场均得分21.4分,场均篮板3.5个,场均抢断0.81次,三分命中率为35.4%,职业生涯场均出战32.9分钟,职业生涯每赛季场均出场68场,"4年999万美元，2015年夏天签，2019年夏天到期，2017-18赛季、2018-19赛季球队选项
2018年7月提前续约5年1.58亿美元，2019年夏天生效",1.98米/6尺6,德文-布克,1,G,本年薪金：2725万美元,菲尼克斯太阳,93公斤/206磅
场均助攻6.6次,场均盖帽0.22个,投篮命中率为47.8%,罚球命中率为90.6%,场均得分23.7分,场均篮板4.6个,场均抢断1.72次,三分命中率为43.5%,职业生涯场均出战34.2分钟,职业生涯每赛季场均出场67场,5年2.01亿美元，2017年夏天签，2022年夏天到期，15%交易保证金,1.91米/6尺3,斯蒂芬-库里,30,G,本年薪金：4023万美元,金州勇士,86公斤/190磅
场均助攻1.5次,场均盖帽0.19个,投篮命中率为44.2%,罚球命中率为79.9%,场均得分13.9分,场均篮板4.9个,场均抢断0.70次,三分命中率为37.8%,职业生涯场均出战31.0分钟,职业生涯每赛季场均出场68场,4年8800万美元，2019年夏天签，2023年到期,2.03米/6尺8,哈里森-巴恩斯,40,F,本年薪金：1897万美元,萨克拉门托国王,102公斤/225磅
场均助攻0.8次,场均盖帽0.61个,投篮命中率为42.8%,罚球命中率为70.5%,场均得分5.2分,场均篮板3.7个,场均抢断0.28次,三分命中率为31.7%,职业生涯场均出战16.5分钟,职业生涯每赛季场均出场69场,4年1633万美元，2017年夏天签，2021年夏天到期，2019-20、2020-21赛季球队选项,2.13米/7尺0,扎克-科林斯,33,F-C,本年薪金：424万美元,波特兰开拓者,104公斤/230磅
场均助攻1.6次,场均盖帽0.47个,投篮命中率为48.4%,罚球命中率为80.1%,场均得分11.8分,场均篮板5.3个,场均抢断1.26次,三分命中率为41.1%,职业生涯场均出战27.9分钟,职业生涯每赛季场均出场59场,4年1.06亿美元，2017年夏天签，2021年夏天到期，2020-2021赛季球员选项,2.03米/6尺8,奥托-波特,22,F,本年薪金：2725万美元,芝加哥公牛,90公斤/198磅
场均助攻2.3次,场均盖帽0.46个,投篮命中率为44.3%,罚球命中率为83.0%,场均得分18.2分,场均篮板11.1个,场均抢断0.69次,三分命中率为37.4%,职业生涯场均出战31.7分钟,职业生涯每赛季场均出场59场,5年1.13亿美元，2015年夏天签，2020年夏天到期。2018年7月，以4年1.2亿美元提前续约，2019年夏天生效，2023年夏天到期,2.08米/6尺10,凯文-乐福,0,F-C,本年薪金：2894万美元,克利夫兰骑士,114公斤/251磅
,,,,,,,,,该球员从未在NBA出场过。,1年90万美元，2019年夏签,2.31米/7尺7,塔科-法尔,NULL,C,本年薪金：90万美元,波士顿凯尔特人,131公斤/289磅
,,,,,,,,,该球员从未在NBA出场过。,新秀合同，2019年夏天签，2023年到期，2022年，2023年球队选项,1.85米/6尺1,卡森-爱德华兹,4,G,本年薪金：120万美元,波士顿凯尔特人,90公斤/198磅
,,,,,,,,,该球员从未在NBA出场过。,NULL,1.93米/6尺4,哈维特-格林,NULL,F,本年薪金：万美元,波士顿凯尔特人,93公斤/205磅
场均助攻1.2次,场均盖帽0.49个,投篮命中率为39.8%,罚球命中率为75.0%,场均得分4.3分,场均篮板2.5个,场均抢断0.54次,三分命中率为25.8%,职业生涯场均出战19.6分钟,职业生涯每赛季场均出场74场,3年392万美元，2018年夏天签，2021年夏天到期，2020-21赛季无保障，2020年7月10日前不被裁则全额保障,1.96米/6尺5,布鲁斯-布朗,6,G,本年薪金：142万美元,底特律活塞,86公斤/190磅
,,,,,,,,,该球员从未在NBA出场过。,NULL,1.91米/6尺3,乔丹-博恩,18,G,本年薪金：万美元,底特律活塞,81公斤/178磅
场均助攻0.3次,场均盖帽0.19个,投篮命中率为31.9%,罚球命中率为63.6%,场均得分2.3分,场均篮板0.8个,场均抢断0.27次,三分命中率为28.6%,职业生涯场均出战7.5分钟,职业生涯每赛季场均出场26场,1年84万美元，2018年夏天签，2019年夏天到期,1.91米/6尺3,凯里-托马斯,13,G,本年薪金：84万美元,底特律活塞,95公斤/210磅
场均助攻1.3次,场均盖帽0.52个,投篮命中率为46.5%,罚球命中率为75.9%,场均得分12.4分,场均篮板4.7个,场均抢断0.57次,三分命中率为34.9%,职业生涯场均出战22.8分钟,职业生涯每赛季场均出场55场,NULL,2.08米/6尺10,迈克尔-比斯利,NULL,F,本年薪金：万美元,底特律活塞,107公斤/235磅
场均助攻0.9次,场均盖帽0.02个,投篮命中率为32.9%,罚球命中率为60.0%,场均得分3.2分,场均篮板0.9个,场均抢断0.33次,三分命中率为32.6%,职业生涯场均出战10.5分钟,职业生涯每赛季场均出场28场,3年457万美元，2018年夏天签，2021年夏天到期，2019-20、2020-21赛季无保障，2019年7月5日、2020年7月5日前不被裁则当赛季转为全额保障,2.03米/6尺8,斯维亚托斯拉夫-米哈伊柳克,19,F,本年薪金：142万美元,底特律活塞,87公斤/192磅
,,,,,,,,,该球员从未在NBA出场过。,NULL,2.03米/6尺8,代维达斯-西尔维迪斯,37,G-F,本年薪金：万美元,底特律活塞,88公斤/194磅
场均助攻0.3次,场均盖帽0.46个,投篮命中率为50.3%,罚球命中率为71.6%,场均得分6.1分,场均篮板3.2个,场均抢断0.31次,三分命中率为32.4%,职业生涯场均出战10.5分钟,职业生涯每赛季场均出场14场,NULL,2.11米/6尺11,克里斯蒂安-伍德,35,F,本年薪金：万美元,底特律活塞,100公斤/220磅
场均助攻3.9次,场均盖帽0.08个,投篮命中率为41.4%,罚球命中率为72.3%,场均得分4.9分,场均篮板2.4个,场均抢断0.69次,三分命中率为33.2%,职业生涯场均出战17.4分钟,职业生涯每赛季场均出场35场,1年188万美元，2019年夏天签，2020年到期,1.85米/6尺1,蒂姆-弗雷泽,12,G,本年薪金：188万美元,底特律活塞,77公斤/170磅
,,,,,,,,,该球员从未在NBA出场过。,新秀合同，2019年夏天签，2023年到期，2022年，2023年球队选项,2.06米/6尺9,塞古-敦布亚,45,F,本年薪金：328万美元,底特律活塞,95公斤/210磅
场均助攻1.7次,场均盖帽0.14个,投篮命中率为38.6%,罚球命中率为79.9%,场均得分8.1分,场均篮板2.5个,场均抢断0.71次,三分命中率为36.5%,职业生涯场均出战22.0分钟,职业生涯每赛季场均出场59场,3年2100万美元，2017年夏天签，2020年夏天到期,1.88米/6尺2,兰斯顿-加洛韦,9,G,本年薪金：733万美元,底特律活塞,91公斤/200磅
场均助攻1.1次,场均盖帽0.25个,投篮命中率为42.6%,罚球命中率为81.5%,场均得分6.3分,场均篮板2.3个,场均抢断0.49次,三分命中率为38.6%,职业生涯场均出战22.6分钟,职业生涯每赛季场均出场73场,4年4600万美元，2017年夏天签，2021年夏天到期，2020-2021赛季球员选项,2.01米/6尺7,托尼-斯内尔,17,G,本年薪金：1139万美元,底特律活塞,98公斤/217磅
场均助攻1.7次,场均盖帽0.55个,投篮命中率为44.8%,罚球命中率为77.7%,场均得分11.5分,场均篮板5.4个,场均抢断0.87次,三分命中率为33.8%,职业生涯场均出战25.7分钟,职业生涯每赛季场均出场59场,1年360万美元，2019年夏天签，2020年到期,2.08米/6尺10,马基夫-莫里斯,8,F,本年薪金：360万美元,底特律活塞,111公斤/245磅
场均助攻1.8次,场均盖帽0.17个,投篮命中率为44.1%,罚球命中率为84.7%,场均得分8.6分,场均篮板2.6个,场均抢断0.51次,三分命中率为40.3%,职业生涯场均出战21.3分钟,职业生涯每赛季场均出场68场,4年1514万美元，2017年夏天签，2021年夏天到期，2019-20、2020-21赛季球队选项,1.96米/6尺5,卢克-肯纳德,5,G,本年薪金：383万美元,底特律活塞,91公斤/200磅
场均助攻5.4次,场均盖帽0.34个,投篮命中率为45.3%,罚球命中率为82.5%,场均得分18.4分,场均篮板3.4个,场均抢断0.73次,三分命中率为30.3%,职业生涯场均出战32.4分钟,职业生涯每赛季场均出场47场,2年1500万美元，2019年夏天签，2021年到期,1.91米/6尺3,德里克-罗斯,25,G,本年薪金：731万美元,底特律活塞,86公斤/190磅
场均助攻0.6次,场均盖帽0.70个,投篮命中率为41.6%,罚球命中率为68.0%,场均得分4.8分,场均篮板2.9个,场均抢断0.38次,三分命中率为32.0%,职业生涯场均出战15.0分钟,职业生涯每赛季场均出场55场,4年931万美元，2016年夏天签，2020年夏天到期，2018-19赛季、2019-20赛季球队选项,2.16米/7尺1,索恩-梅克,7,C-F,本年薪金：357万美元,底特律活塞,101公斤/223磅
场均助攻4.6次,场均盖帽0.12个,投篮命中率为42.9%,罚球命中率为85.5%,场均得分13.1分,场均篮板3.1个,场均抢断0.72次,三分命中率为32.9%,职业生涯场均出战25.8分钟,职业生涯每赛季场均出场60场,5年8000万美元，2015年夏天签，2020年夏天到期,1.91米/6尺3,雷吉-杰克逊,1,G,本年薪金：1809万美元,底特律活塞,94公斤/208磅
场均助攻1.2次,场均盖帽1.56个,投篮命中率为54.3%,罚球命中率为44.8%,场均得分14.1分,场均篮板13.7个,场均抢断1.34次,三分命中率为14.7%,职业生涯场均出战30.8分钟,职业生涯每赛季场均出场77场,5年1.3亿美元，2016年夏天签，2021年夏天到期，2020-21赛季球员选项,2.11米/6尺11,安德烈-德拉蒙德,0,C,本年薪金：2709万美元,底特律活塞,127公斤/279磅
,,,,,,,,,该球员从未在NBA出场过。,NULL,2.08米/6尺10,阿米达-布里马,NULL,C,本年薪金：万美元,印第安纳步行者,104公斤/230磅
,,,,,,,,,该球员从未在NBA出场过。,NULL,2.01米/6尺7,布赖恩-鲍恩二世,10,G-F,本年薪金：万美元,印第安纳步行者,91公斤/200磅
场均助攻0.7次,场均盖帽0.48个,投篮命中率为44.8%,罚球命中率为66.7%,场均得分5.4分,场均篮板2.7个,场均抢断0.39次,三分命中率为24.9%,职业生涯场均出战15.9分钟,职业生涯每赛季场均出场41场,NULL,2.06米/6尺9,亚卡尔-桑普森,14,F,本年薪金：万美元,印第安纳步行者,97公斤/214磅
场均助攻0.5次,场均盖帽0.06个,投篮命中率为37.0%,罚球命中率为81.2%,场均得分2.0分,场均篮板0.5个,场均抢断0.23次,三分命中率为33.3%,职业生涯场均出战5.7分钟,职业生涯每赛季场均出场16场,NULL,1.96米/6尺5,CJ-威尔考克斯,16,G,本年薪金：万美元,印第安纳步行者,88公斤/195磅
场均助攻1次,场均盖帽0.07个,投篮命中率为33.3%,罚球命中率为100%,场均得分1.3分,场均篮板0.4个,场均抢断0.07次,三分命中率为25.0%,职业生涯场均出战5.7分钟,职业生涯每赛季场均出场7场,NULL,1.93米/6尺4,纳兹-米特鲁-朗,15,G,本年薪金：万美元,印第安纳步行者,99公斤/218磅
,,,,,,,,,该球员从未在NBA出场过。,2019年夏天，签下Exhibit 10合同,2.03米/6尺8,杰基南-甘特,NULL,F,本年薪金：万美元,印第安纳步行者,98公斤/216磅
场均助攻0.1次,场均盖帽0.21个,投篮命中率为25.0%,罚球命中率为50.0%,场均得分0.9分,场均篮板1.4个,场均抢断0.07次,三分命中率为50.0%,职业生涯场均出战4.6分钟,职业生涯每赛季场均出场14场,2年225万美元，2018年夏天签，2020年夏天到期，其中包含84万的保证金,2.06米/6尺9,阿利兹-约翰逊 ,24,F,本年薪金：141万美元,印第安纳步行者,91公斤/201磅
场均助攻1.7次,场均盖帽0.26个,投篮命中率为40.1%,罚球命中率为82.0%,场均得分5.9分,场均篮板1.3个,场均抢断0.42次,三分命中率为33.9%,职业生涯场均出战12.9分钟,职业生涯每赛季场均出场50场,4年1047万美元，2018年夏天签，2022年夏天到期，2020和2021年球队选项,1.85米/6尺1,阿龙-霍勒迪,3,G,本年薪金：224万美元,印第安纳步行者,84公斤/185磅
场均助攻0.4次,场均盖帽0.21个,投篮命中率为35.4%,罚球命中率为62.5%,场均得分2.8分,场均篮板1.0个,场均抢断0.50次,三分命中率为25.9%,职业生涯场均出战8.8分钟,职业生涯每赛季场均出场12场,3年650万美元，2019年夏天签，2022年到期,1.96米/6尺5,埃德蒙-萨姆纳,5,G,本年薪金：200万美元,印第安纳步行者,84公斤/185磅
场均助攻0.3次,场均盖帽0.16个,投篮命中率为49.9%,罚球命中率为61.9%,场均得分3.3分,场均篮板1.8个,场均抢断0.12次,三分命中率为38.3%,职业生涯场均出战8.8分钟,职业生涯每赛季场均出场54场,4年1158万美元，2017年夏天签，2021年夏天到期，2019-20、2020-21赛季球队选项,2.08米/6尺10,TJ-利夫,22,F,本年薪金：281万美元,印第安纳步行者,102公斤/225磅
,,,,,,,,,该球员从未在NBA出场过。,2年577万美元，2019年夏天签,2.11米/6尺11,戈加-比塔泽,88,C-F,本年薪金：281万美元,印第安纳步行者,111公斤/245磅
场均助攻4.5次,场均盖帽0.16个,投篮命中率为48.9%,罚球命中率为77.2%,场均得分6.4分,场均篮板2.9个,场均抢断1.26次,三分命中率为35.5%,职业生涯场均出战22.1分钟,职业生涯每赛季场均出场78场,2年700万美元，2019年夏天签，2021年到期,1.88米/6尺2,TJ-麦康奈尔,9,G,本年薪金：341万美元,印第安纳步行者,91公斤/200磅
场均助攻2.0次,场均盖帽0.42个,投篮命中率为51.3%,罚球命中率为73.0%,场均得分10.7分,场均篮板7.0个,场均抢断0.55次,三分命中率为34.4%,职业生涯场均出战23.4分钟,职业生涯每赛季场均出场75场,4年1118万美元，2016年夏天签，2020年夏天到期，2018-19赛季、2019-20赛季球队选项,2.11米/6尺11,多曼塔斯-萨博尼斯,11,F,本年薪金：353万美元,印第安纳步行者,109公斤/240磅
场均助攻1.1次,场均盖帽0.51个,投篮命中率为49.7%,罚球命中率为76.6%,场均得分14.4分,场均篮板4.1个,场均抢断0.95次,三分命中率为34.0%,职业生涯场均出战27.7分钟,职业生涯每赛季场均出场52场,2017年9月以4年4700万美元提前续约，2018年夏天生效，2022年夏天到期,2.03米/6尺8,TJ-沃伦,1,F,本年薪金：1081万美元,印第安纳步行者,102公斤/225磅
场均助攻3.5次,场均盖帽0.22个,投篮命中率为48.4%,罚球命中率为89.3%,场均得分12.8分,场均篮板3.5个,场均抢断0.90次,三分命中率为40.3%,职业生涯场均出战28.5分钟,职业生涯每赛季场均出场58场,4年8500万美元，2019年夏天签，2023年到期,1.96米/6尺5,马尔科姆-布罗格登,7,G,本年薪金：1976万美元,印第安纳步行者,98公斤/215磅
场均助攻1.5次,场均盖帽0.39个,投篮命中率为38.9%,罚球命中率为83.7%,场均得分8.1分,场均篮板2.9个,场均抢断1.00次,三分命中率为34.9%,职业生涯场均出战23.3分钟,职业生涯每赛季场均出场49场,1年480万美元，2019年夏天签，2020年到期,1.98米/6尺6,贾斯廷-霍勒迪,8,G,本年薪金：480万美元,印第安纳步行者,84公斤/185磅
场均助攻0.8次,场均盖帽0.12个,投篮命中率为45.8%,罚球命中率为82.3%,场均得分8.0分,场均篮板2.3个,场均抢断0.20次,三分命中率为40.3%,职业生涯场均出战20.6分钟,职业生涯每赛季场均出场54场,3年2200万美元，2018年夏天签，2021年夏天到期,2.03米/6尺8,道格-麦克德莫特,20,F,本年薪金：733万美元,印第安纳步行者,99公斤/219磅
场均助攻1.5次,场均盖帽0.35个,投篮命中率为44.3%,罚球命中率为85.3%,场均得分10.2分,场均篮板3.7个,场均抢断0.68次,三分命中率为33.9%,职业生涯场均出战20.5分钟,职业生涯每赛季场均出场62场,3年3150万美元，2019年夏天签，2022年到期,1.96米/6尺5,杰里米-兰姆,26,G,本年薪金：1000万美元,印第安纳步行者,84公斤/185磅
场均助攻1.3次,场均盖帽2.01个,投篮命中率为49.2%,罚球命中率为77.2%,场均得分12.8分,场均篮板6.6个,场均抢断0.68次,三分命中率为36.2%,职业生涯场均出战28.1分钟,职业生涯每赛季场均出场69场,2018年10月提前续约4年8000万美元，其中奖金部分为800万美元,2.11米/6尺11,迈尔斯-特纳,33,C-F,本年薪金：1750万美元,印第安纳步行者,110公斤/243磅
,,,,,,,,,该球员从未在NBA出场过。,NULL,1.85米/6尺1,乔丹-麦克劳克林,0,G,本年薪金：万美元,明尼苏达森林狼,84公斤/185磅
,,,,,,,,,该球员从未在NBA出场过。,NULL,2.01米/6尺7,凯勒-马丁,NULL,F,本年薪金：万美元,明尼苏达森林狼,100公斤/220磅
,,,,,,,,,该球员从未在NBA出场过。,NULL,1.93米/6尺4,杰伦-诺埃尔,4,G,本年薪金：万美元,明尼苏达森林狼,91公斤/200磅
场均助攻1.2次,场均盖帽0.22个,投篮命中率为43.5%,罚球命中率为67.4%,场均得分5.5分,场均篮板2.2个,场均抢断0.52次,三分命中率为23.7%,职业生涯场均出战16.1分钟,职业生涯每赛季场均出场46场,NULL,1.96米/6尺5,蒂龙-华莱士,NULL,G,本年薪金：万美元,明尼苏达森林狼,90公斤/198磅
场均助攻0.6次,场均盖帽0.47个,投篮命中率为42.3%,罚球命中率为64.3%,场均得分5.0分,场均篮板2.8个,场均抢断0.60次,三分命中率为25.0%,职业生涯场均出战16.8分钟,职业生涯每赛季场均出场30场,2年226万美元，2018年夏天签，2020年夏天到期,2.01米/6尺7,凯塔-贝茨-迪奥普,31,F,本年薪金：142万美元,明尼苏达森林狼,107公斤/235磅
场均助攻1.5次,场均盖帽0.90个,投篮命中率为58.9%,罚球命中率为65.9%,场均得分4.1分,场均篮板3.3个,场均抢断0.49次,三分命中率为0%,职业生涯场均出战13.2分钟,职业生涯每赛季场均出场60场,1年160万美元，2019年夏天签，2020年到期,2.03米/6尺8,乔丹-贝尔,7,F,本年薪金：160万美元,明尼苏达森林狼,102公斤/225磅
,,,,,,,,,该球员从未在NBA出场过。,NULL,2.08米/6尺10,纳兹-里德,NULL,F,本年薪金：万美元,明尼苏达森林狼,113公斤/249磅
场均助攻0.8次,场均盖帽0.08个,投篮命中率为39.6%,罚球命中率为71.9%,场均得分4.1分,场均篮板2.0个,场均抢断0.42次,三分命中率为36.2%,职业生涯场均出战15.6分钟,职业生涯每赛季场均出场41场,2年316万美元，2018年夏天签，2020年夏天到期，其中151万受保障，2019-20赛季无保障,1.98米/6尺6,特雷韦恩-格雷厄姆,12,F,本年薪金：165万美元,明尼苏达森林狼,102公斤/226磅
场均助攻2.0次,场均盖帽0.14个,投篮命中率为40.0%,罚球命中率为81.9%,场均得分6.9分,场均篮板1.8个,场均抢断0.82次,三分命中率为35.9%,职业生涯场均出战17.0分钟,职业生涯每赛季场均出场60场,2年379万美元，2018年夏天签，2020年夏天到期，其中194万受保障，2019-20赛季球队选项且无保障,1.85米/6尺1,沙巴兹-内皮尔,13,G,本年薪金：185万美元,明尼苏达森林狼,79公斤/175磅
场均助攻0.7次,场均盖帽0.42个,投篮命中率为45.2%,罚球命中率为67.5%,场均得分5.1分,场均篮板5.5个,场均抢断0.41次,三分命中率为31.3%,职业生涯场均出战17.5分钟,职业生涯每赛季场均出场50场,1年200万美元，2019年夏天签，2020年到期,2.06米/6尺9,诺阿-冯莱,1,F,本年薪金：200万美元,明尼苏达森林狼,111公斤/245磅
场均助攻1.2次,场均盖帽0.45个,投篮命中率为38.6%,罚球命中率为72.8%,场均得分7.7分,场均篮板2.9个,场均抢断1.19次,三分命中率为27.9%,职业生涯场均出战23.7分钟,职业生涯每赛季场均出场74场,4年1173万美元，2018年夏天签，2022年夏天到期，2020-21、2021-22赛季球队选项,1.93米/6尺4,约什-奥科吉,20,G,本年薪金：253万美元,明尼苏达森林狼,97公斤/213磅
场均助攻0.5次,场均盖帽0.24个,投篮命中率为44.5%,罚球命中率为71.3%,场均得分3.9分,场均篮板1.6个,场均抢断0.30次,三分命中率为29.4%,职业生涯场均出战10.9分钟,职业生涯每赛季场均出场43场,3年1150万美元，2019年夏天签，2022年到期,2.06米/6尺9,杰克-莱曼,10,F,本年薪金：365万美元,明尼苏达森林狼,95公斤/210磅
,,,,,,,,,该球员从未在NBA出场过。,新秀合同，2019年夏天签，2023年到期，2022年，2023年球队选项,2.01米/6尺7,贾勒特-卡尔弗,23,G-F,本年薪金：581万美元,明尼苏达森林狼,88公斤/195磅
场均助攻1.6次,场均盖帽0.86个,投篮命中率为40.6%,罚球命中率为81.4%,场均得分12.8分,场均篮板5.5个,场均抢断1.71次,三分命中率为36.3%,职业生涯场均出战30.6分钟,职业生涯每赛季场均出场49场,5年6160万美元，2017年11月签，2017年11月生效，2022年夏天到期，新合同包含将2017-18赛季薪金从157万美元提升至1670万美元,2.06米/6尺9,罗伯特-科温顿,33,F,本年薪金：1082万美元,明尼苏达森林狼,98公斤/215磅
场均助攻1.3次,场均盖帽0.92个,投篮命中率为50.2%,罚球命中率为78.8%,场均得分7.7分,场均篮板6.0个,场均抢断0.79次,三分命中率为32.7%,职业生涯场均出战21.8分钟,职业生涯每赛季场均出场75场,4年658万美元，2013年夏天签，2016年10月以4年6400万美元提前续约，2017年夏天生效，2021年夏天到期,2.11米/6尺11,戈尔吉-吉昂,5,C,本年薪金：1623万美元,明尼苏达森林狼,109公斤/240磅
场均助攻5.9次,场均盖帽0.34个,投篮命中率为44.6%,罚球命中率为84.2%,场均得分12.8分,场均篮板2.5个,场均抢断1.23次,三分命中率为35.7%,职业生涯场均出战28.2分钟,职业生涯每赛季场均出场71场,3年5700万美元，2017年夏天签，2020年夏天到期，2019-2020赛季球员选项,1.88米/6尺2,杰夫-蒂格,0,G,本年薪金：1900万美元,明尼苏达森林狼,84公斤/186磅
场均助攻2.6次,场均盖帽1.47个,投篮命中率为53.8%,罚球命中率为84.1%,场均得分22.0分,场均篮板12.0个,场均抢断0.76次,三分命中率为39.8%,职业生涯场均出战34.7分钟,职业生涯每赛季场均出场81场,4年2572万美元，2015年夏天签，2019年夏天到期。2018年夏天提前续约5年1.58亿美元，2019年夏天生效。,2.13米/7尺0,卡尔-安东尼-唐斯,32,C-F,本年薪金：2725万美元,明尼苏达森林狼,111公斤/244磅
,,,,,,,,,该球员从未在NBA出场过。,NULL,1.93米/6尺4,吕冈茨-多尔特,5,G,本年薪金：万美元,俄克拉荷马城雷霆,98公斤/215磅
场均助攻0.3次,场均盖帽0.20个,投篮命中率为45.5%,罚球命中率为61.0%,场均得分3.7分,场均篮板1.9个,场均抢断0.41次,三分命中率为16.7%,职业生涯场均出战10.3分钟,职业生涯每赛季场均出场51场,3年392万美元，2018年夏天签，2021年夏天到期,1.96米/6尺5,哈米杜-迪亚洛,6,G,本年薪金：141万美元,俄克拉荷马城雷霆,90公斤/198磅
场均助攻0.8次,场均盖帽0个,投篮命中率为33.3%,罚球命中率为50.0%,场均得分1.8分,场均篮板1.5个,场均抢断0.75次,三分命中率为0%,职业生涯场均出战6.2分钟,职业生涯每赛季场均出场2场,三年530万，2019年夏天签,2.13米/7尺0,贾斯廷-巴顿,NULL,C,本年薪金：162万美元,俄克拉荷马城雷霆,104公斤/230磅
场均助攻1.2次,场均盖帽1.31个,投篮命中率为53.3%,罚球命中率为64.0%,场均得分8.2分,场均篮板6.4个,场均抢断1.36次,三分命中率为20.0%,职业生涯场均出战22.5分钟,职业生涯每赛季场均出场50场,1年202万美元，2019年夏天签，2020年夏天到期,2.11米/6尺11,纳伦斯-诺埃尔,9,F-C,本年薪金：202万美元,俄克拉荷马城雷霆,103公斤/228磅
场均助攻1.9次,场均盖帽0.09个,投篮命中率为33.8%,罚球命中率为77.6%,场均得分3.8分,场均篮板1.7个,场均抢断0.66次,三分命中率为25.0%,职业生涯场均出战14.2分钟,职业生涯每赛季场均出场16场,NULL,1.83米/6尺0,贾旺-埃文斯,8,G,本年薪金：万美元,俄克拉荷马城雷霆,86公斤/190磅
场均助攻0.5次,场均盖帽0.20个,投篮命中率为37.2%,罚球命中率为64.0%,场均得分3.4分,场均篮板1.6个,场均抢断0.32次,三分命中率为33.9%,职业生涯场均出战11.1分钟,职业生涯每赛季场均出场52场,3年416万美元，2017年夏天签，2020年夏天到期。,1.98米/6尺6,阿卜杜勒-纳迪尔,11,F,本年薪金：162万美元,俄克拉荷马城雷霆,104公斤/230磅
场均助攻1.0次,场均盖帽0.54个,投篮命中率为45.4%,罚球命中率为83.7%,场均得分5.9分,场均篮板3.4个,场均抢断0.37次,三分命中率为36.0%,职业生涯场均出战16.7分钟,职业生涯每赛季场均出场46场,2年430万美元，2019年夏天签，2020年到期,2.11米/6尺11,迈克-穆斯卡拉,33,F-C,本年薪金：202万美元,俄克拉荷马城雷霆,109公斤/240磅
,,,,,,,,,该球员从未在NBA出场过。,新秀合同，2019年夏天签，2023年到期，2022年，2023年球队选项,2.06米/6尺9,达里厄斯-贝兹利,7,F-G,本年薪金：228万美元,俄克拉荷马城雷霆,91公斤/200磅
场均助攻0.6次,场均盖帽0.18个,投篮命中率为42.3%,罚球命中率为77.5%,场均得分4.5分,场均篮板1.2个,场均抢断0.45次,三分命中率为35.1%,职业生涯场均出战17.6分钟,职业生涯每赛季场均出场65场,4年1032万美元，2017年夏天签，2021年夏天到期，2019-2020、2020-2021赛季球队选项,2.01米/6尺7,特伦斯-弗格森,23,G,本年薪金：248万美元,俄克拉荷马城雷霆,84公斤/185磅
场均助攻3.3次,场均盖帽0.55个,投篮命中率为47.6%,罚球命中率为80.0%,场均得分10.8分,场均篮板2.8个,场均抢断1.17次,三分命中率为36.7%,职业生涯场均出战26.5分钟,职业生涯每赛季场均出场82场,4年1696万美元，2018年夏天签，2022年夏天到期，2020-21赛季及2021-22赛季球队选项,1.98米/6尺6,谢伊-吉尔杰斯-亚历山大,2,G,本年薪金：395万美元,俄克拉荷马城雷霆,82公斤/180磅
场均助攻0.9次,场均盖帽0.69个,投篮命中率为48.9%,罚球命中率为44.8%,场均得分4.6分,场均篮板4.1个,场均抢断0.93次,三分命中率为25.4%,职业生涯场均出战23.0分钟,职业生涯每赛季场均出场55场,3年3000万美元，2017年夏天签，2020年夏天到期,2.01米/6尺7,安德烈-罗伯森,21,G-F,本年薪金：1074万美元,俄克拉荷马城雷霆,95公斤/210磅
场均助攻4.6次,场均盖帽0.11个,投篮命中率为43.0%,罚球命中率为82.5%,场均得分13.4分,场均篮板2.7个,场均抢断0.81次,三分命中率为32.5%,职业生涯场均出战24.7分钟,职业生涯每赛季场均出场71场,4年7500万，2013年夏天签，2016年10月以4年7000万美元提前续约，2017年夏天生效，2021年夏天到期，其中6200万美元受保障，200万美元不易达到的激励奖金,1.85米/6尺1,丹尼斯-施罗德,17,G,本年薪金：1550万美元,俄克拉荷马城雷霆,78公斤/172磅
场均助攻2.0次,场均盖帽0.43个,投篮命中率为42.4%,罚球命中率为87.0%,场均得分15.9分,场均篮板4.9个,场均抢断0.80次,三分命中率为37.4%,职业生涯场均出战31.4分钟,职业生涯每赛季场均出场50场,3年6477万美元，2017年夏天签，2020年夏天到期,2.08米/6尺10,达尼罗-加里纳利,8,F,本年薪金：2262万美元,俄克拉荷马城雷霆,102公斤/225磅
场均助攻1.0次,场均盖帽1.00个,投篮命中率为59.6%,罚球命中率为55.4%,场均得分10.2分,场均篮板7.6个,场均抢断0.94次,三分命中率为0%,职业生涯场均出战27.7分钟,职业生涯每赛季场均出场77场,4年969万美元，2013年夏天签，2017年夏天到期，2016年10月以4年1亿美元提前续约，2017年夏天生效，2021年到期,2.13米/7尺0,史蒂文-亚当斯,12,C,本年薪金：2584万美元,俄克拉荷马城雷霆,116公斤/255磅
,,,,,,,,,该球员从未在NBA出场过。,NULL,2.01米/6尺7,尼格尔-威廉姆斯-戈斯,11,F,本年薪金：万美元,犹他爵士,98公斤/215磅
,,,,,,,,,该球员从未在NBA出场过。,NULL,2.01米/6尺7,贾斯廷-赖特-福尔曼,5,F,本年薪金：万美元,犹他爵士,116公斤/255磅
场均助攻0.8次,场均盖帽0.84个,投篮命中率为56.7%,罚球命中率为59.3%,场均得分6.5分,场均篮板6.7个,场均抢断0.49次,三分命中率为0%,职业生涯场均出战20.1分钟,职业生涯每赛季场均出场66场,NULL,2.08米/6尺10,贾雷尔-布兰特利,17,C,本年薪金：万美元,犹他爵士,111公斤/245磅
场均助攻1.4次,场均盖帽0.08个,投篮命中率为46.2%,罚球命中率为85.7%,场均得分13.5分,场均篮板3.4个,场均抢断0.55次,三分命中率为38.7%,职业生涯场均出战27.9分钟,职业生涯每赛季场均出场70场,NULL,2.03米/6尺8,埃德-戴维斯,44,F,本年薪金：万美元,犹他爵士,102公斤/225磅
场均助攻2.3次,场均盖帽0.17个,投篮命中率为40.6%,罚球命中率为77.5%,场均得分6.1分,场均篮板1.8个,场均抢断0.42次,三分命中率为30.3%,职业生涯场均出战19.2分钟,职业生涯每赛季场均出场43场,NULL,1.98米/6尺6,丹特-埃克萨姆,11,G,本年薪金：万美元,犹他爵士,86公斤/190磅
,,,,,,,,,该球员从未在NBA出场过。,NULL,1.91米/6尺3,博扬-波格丹诺维奇,0,G,本年薪金：万美元,犹他爵士,88公斤/195磅
,,,,,,,,,该球员从未在NBA出场过。,NULL,1.88米/6尺2,鲁迪-戈贝尔,3,G,本年薪金：万美元,犹他爵士,86公斤/190磅
,,,,,,,,,该球员从未在NBA出场过。,NULL,2.03米/6尺8,威廉-霍华德,42,F,本年薪金：万美元,犹他爵士,94公斤/207磅
场均助攻0.5次,场均盖帽0.07个,投篮命中率为43.4%,罚球命中率为82.1%,场均得分2.9分,场均篮板1.2个,场均抢断0.16次,三分命中率为36.4%,职业生涯场均出战7.0分钟,职业生涯每赛季场均出场30场,3年494万美元，2018年夏天签，2021年夏天到期，其中151万受保障，2019-2020、2020-21赛季无保障,2.03米/6尺8,乔治-尼昂,31,F,本年薪金：164万美元,犹他爵士,104公斤/230磅
场均助攻0.1次,场均盖帽0.10个,投篮命中率为36.8%,罚球命中率为83.3%,场均得分1.6分,场均篮板1.8个,场均抢断0.10次,三分命中率为0%,职业生涯场均出战4.5分钟,职业生涯每赛季场均出场7场,4年860万美元，2017年夏天签，2021年夏天到期，2019-20、2020-21赛季球队选项,2.11米/6尺11,托尼-布拉德利,13,C,本年薪金：196万美元,犹他爵士,109公斤/240磅
场均助攻3.8次,场均盖帽0.36个,投篮命中率为43.5%,罚球命中率为80.5%,场均得分21.5分,场均篮板3.9个,场均抢断1.46次,三分命中率为34.7%,职业生涯场均出战33.5分钟,职业生涯每赛季场均出场78场,4年1456万美元，2017年夏天签，2021年夏天到期，2019-20、2020-21赛季球队选项,1.91米/6尺3,多诺万-米切尔,45,G,本年薪金：363万美元,犹他爵士,98公斤/215磅
场均助攻1.6次,场均盖帽0.52个,投篮命中率为44.2%,罚球命中率为80.8%,场均得分13.0分,场均篮板4.4个,场均抢断0.71次,三分命中率为32.9%,职业生涯场均出战29.7分钟,职业生涯每赛季场均出场65场,NULL,2.06米/6尺9,杰夫-格林,22,F,本年薪金：万美元,犹他爵士,107公斤/235磅
场均助攻3.6次,场均盖帽0.17个,投篮命中率为45.1%,罚球命中率为75.2%,场均得分8.6分,场均篮板3.3个,场均抢断1.03次,三分命中率为41.5%,职业生涯场均出战25.8分钟,职业生涯每赛季场均出场81场,4年5200万美元，2017年夏天签,2.03米/6尺8,乔-英格尔斯,2,F,本年薪金：1195万美元,犹他爵士,102公斤/226磅
场均助攻3.4次,场均盖帽0.33个,投篮命中率为43.4%,罚球命中率为87.9%,场均得分14.8分,场均篮板3.5个,场均抢断0.83次,三分命中率为36.2%,职业生涯场均出战28.5分钟,职业生涯每赛季场均出场79场,NULL,1.93米/6尺4,贾马尔-默里,27,G,本年薪金：万美元,丹佛掘金,94公斤/207磅
场均助攻1.4次,场均盖帽0.25个,投篮命中率为44.2%,罚球命中率为79.4%,场均得分5.1分,场均篮板3.4个,场均抢断0.57次,三分命中率为36.9%,职业生涯场均出战18.0分钟,职业生涯每赛季场均出场73场,3年381万美元，2017年夏天签，2020年夏天到期，2018-19赛季、2019-20赛季无保障,1.98米/6尺6,罗伊斯-奥尼尔,23,F,本年薪金：162万美元,犹他爵士,102公斤/226磅
场均助攻4.0次,场均盖帽0.29个,投篮命中率为39.3%,罚球命中率为74.5%,场均得分11.1分,场均篮板2.9个,场均抢断0.75次,三分命中率为32.0%,职业生涯场均出战24.4分钟,职业生涯每赛季场均出场51场,4年1.02亿美元，2017年夏天签，2021年夏天到期,1.96米/6尺5,伊曼纽尔-穆迪埃,8,G,本年薪金：万美元,犹他爵士,91公斤/200磅
场均助攻0.9次,场均盖帽1.12个,投篮命中率为47.2%,罚球命中率为65.4%,场均得分8.2分,场均篮板3.7个,场均抢断0.52次,三分命中率为33.3%,职业生涯场均出战22.8分钟,职业生涯每赛季场均出场68场,NULL,2.06米/6尺9,杰拉米-格兰特,NULL,F,本年薪金：万美元,丹佛掘金,95公斤/210磅
场均助攻0.6次,场均盖帽0.25个,投篮命中率为43.7%,罚球命中率为76.4%,场均得分5.1分,场均篮板3.2个,场均抢断0.40次,三分命中率为36.6%,职业生涯场均出战15.8分钟,职业生涯每赛季场均出场52场,4年955万美元，2016年夏天签，2020年夏天到期，2018-19赛季、2019-20赛季球队选项,2.06米/6尺9,胡安-埃尔南戈麦斯,41,F,本年薪金：332万美元,丹佛掘金,104公斤/230磅
,,,,,,,,,该球员从未在NBA出场过。,4年1509万美元，2018年夏天签，2022年夏天到期，其中2020-21、2021-22赛季球队选项,2.08米/6尺10,小迈克尔-波特,1,F,本年薪金：339万美元,丹佛掘金,98公斤/215磅
场均助攻2.4次,场均盖帽0.99个,投篮命中率为56.4%,罚球命中率为56.7%,场均得分8.8分,场均篮板6.5个,场均抢断0.79次,三分命中率为6.1%,职业生涯场均出战22.8分钟,职业生涯每赛季场均出场69场,3年4100万美元，2017年夏天签，2020年夏天到期,2.11米/6尺11,梅森-普拉姆利,24,F-C,本年薪金：1404万美元,丹佛掘金,116公斤/255磅
场均助攻2.1次,场均盖帽0.21个,投篮命中率为46.0%,罚球命中率为80.2%,场均得分12.4分,场均篮板2.6个,场均抢断1.23次,三分命中率为36.5%,职业生涯场均出战28.5分钟,职业生涯每赛季场均出场62场,4年731万美元，2014年夏天签，2018年夏天到期，2016-17赛季、2017-18赛季球队选项（已执行），2017年10月以4年8400万美元提前续约，2018年夏天生效，2022年夏天到期，,1.93米/6尺4,加里-哈里斯,14,G,本年薪金：1784万美元,丹佛掘金,95公斤/210磅
,,,,,,,,,该球员从未在NBA出场过。,NULL,2.06米/6尺9,Tyler Cook,NULL,F,本年薪金：万美元,丹佛掘金,113公斤/250磅
场均助攻2.3次,场均盖帽0.39个,投篮命中率为43.0%,罚球命中率为78.8%,场均得分10.1分,场均篮板3.8个,场均抢断0.72次,三分命中率为33.7%,职业生涯场均出战22.5分钟,职业生涯每赛季场均出场55场,NULL,1.98米/6尺6,威尔-巴顿,5,G,本年薪金：万美元,丹佛掘金,79公斤/175磅
场均助攻5.1次,场均盖帽0.72个,投篮命中率为52.4%,罚球命中率为82.8%,场均得分16.3分,场均篮板9.6个,场均抢断1.10次,三分命中率为34.5%,职业生涯场均出战28.3分钟,职业生涯每赛季场均出场77场,5年1.47亿美元，2018年夏天签，2023年夏天到期 ,2.13米/7尺0,尼古拉-约基奇,15,C,本年薪金：2743万美元,丹佛掘金,113公斤/250磅
场均助攻1.9次,场均盖帽0.22个,投篮命中率为44.8%,罚球命中率为80.3%,场均得分10.9分,场均篮板3.1个,场均抢断0.44次,三分命中率为39.4%,职业生涯场均出战22.8分钟,职业生涯每赛季场均出场64场,2年693万美元，2018年12月签，2020年夏天到期。2019-20赛季球队选项。,1.96米/6尺5,阿朗佐-特里尔,14,G,本年薪金：355万美元,纽约尼克斯,90公斤/198磅
场均助攻1.1次,场均盖帽0.32个,投篮命中率为37.0%,罚球命中率为71.7%,场均得分12.8分,场均篮板4.5个,场均抢断0.57次,三分命中率为34.3%,职业生涯场均出战28.8分钟,职业生涯每赛季场均出场75场,4年1855万美元，2018年夏天签，2022年夏天到期，其中2020年和2021年俱乐部选项,2.06米/6尺9,凯文-诺克斯,20,F,本年薪金：438万美元,纽约尼克斯,98公斤/215磅
场均助攻4.9次,场均盖帽0.33个,投篮命中率为41.3%,罚球命中率为65.7%,场均得分14.2分,场均篮板3.3个,场均抢断1.17次,三分命中率为31.8%,职业生涯场均出战28.9分钟,职业生涯每赛季场均出场43场,4年1719万美元，2017年夏天签，2021年夏天到期，2019-20、2020-21赛季球队选项,1.91米/6尺3,丹尼斯-史密斯,5,G,本年薪金：446万美元,纽约尼克斯,88公斤/195磅
场均助攻1.2次,场均盖帽0.14个,投篮命中率为42.5%,罚球命中率为83.2%,场均得分7.1分,场均篮板2.1个,场均抢断0.50次,三分命中率为38.5%,职业生涯场均出战20.1分钟,职业生涯每赛季场均出场37场,2年低于空间中产特例签约，2019年夏天签，2021年到期,2.01米/6尺7,雷吉-布洛克,25,G,本年薪金：470万美元,纽约尼克斯,93公斤/205磅
场均助攻3.1次,场均盖帽0.26个,投篮命中率为35.4%,罚球命中率为73.5%,场均得分5.9分,场均篮板2.2个,场均抢断0.79次,三分命中率为30.5%,职业生涯场均出战21.6分钟,职业生涯每赛季场均出场60场,4年1869万美元，2017年夏天签，2021年夏天到期，2019-20赛季、2020-21赛季球队选项,1.96米/6尺5,弗朗克-尼利基纳,11,G,本年薪金：486万美元,纽约尼克斯,86公斤/190磅
场均助攻1.4次,场均盖帽0.10个,投篮命中率为42.1%,罚球命中率为73.6%,场均得分8.2分,场均篮板3.0个,场均抢断0.60次,三分命中率为36.1%,职业生涯场均出战21.2分钟,职业生涯每赛季场均出场58场,3年410万美元，2018年夏天签，2021年夏天到期，2019年无保证,1.96米/6尺5,丹伊恩-多特森,21,G,本年薪金：162万美元,纽约尼克斯,95公斤/210磅
场均助攻6.5次,场均盖帽0.35个,投篮命中率为46.0%,罚球命中率为63.3%,场均得分11.3分,场均篮板4.4个,场均抢断1.31次,三分命中率为30.6%,职业生涯场均出战29.4分钟,职业生涯每赛季场均出场57场,2年1600万美元，2019年夏天签，2021年到期,1.93米/6尺4,埃尔弗里德-佩顿,6,G,本年薪金：780万美元,纽约尼克斯,84公斤/185磅
场均助攻0.6次,场均盖帽2.44个,投篮命中率为69.4%,罚球命中率为60.0%,场均得分7.3分,场均篮板6.4个,场均抢断0.79次,三分命中率为0%,职业生涯场均出战20.6分钟,职业生涯每赛季场均出场66场,3年471万美元，2018年夏天签，2021年夏天到期，2020年无保障，如果在6月29日之前没有宣布放弃，则继续执行,2.16米/7尺1,米切尔-罗宾逊,23,C,本年薪金：156万美元,纽约尼克斯,101公斤/223磅
场均助攻1.6次,场均盖帽0.06个,投篮命中率为47.6%,罚球命中率为85.7%,场均得分3.9分,场均篮板1.1个,场均抢断0.33次,三分命中率为41.0%,职业生涯场均出战9.5分钟,职业生涯每赛季场均出场36场,1年底薪，2019年夏天签，2020年到期,1.93米/6尺4,布拉德-沃纳梅克,9,G,本年薪金：144万美元,波士顿凯尔特人,95公斤/210磅
场均助攻0.3次,场均盖帽0.06个,投篮命中率为36.9%,罚球命中率为61.2%,场均得分2.9分,场均篮板2.0个,场均抢断0.26次,三分命中率为31.9%,职业生涯场均出战14.3分钟,职业生涯每赛季场均出场67场,4年604万美元，2017年夏天签，2021年夏天到期；2018-19赛季90万美元保障，2018年7月15日之前不被裁则转为全额保障，2019-20赛季无保障，2019年7月1日之前不被裁则转为全额,2.01米/6尺7,谢米-奥杰莱,37,F,本年薪金：162万美元,波士顿凯尔特人,107公斤/235磅
场均助攻1.1次,场均盖帽0.08个,投篮命中率为41.1%,罚球命中率为85.0%,场均得分8.6分,场均篮板2.2个,场均抢断0.60次,三分命中率为38.1%,职业生涯场均出战21.9分钟,职业生涯每赛季场均出场56场,2年1600万美元，2019年夏天签，2021年到期,1.93米/6尺4,韦恩-艾灵顿,2,G,本年薪金：780万美元,纽约尼克斯,91公斤/200磅
场均助攻0.2次,场均盖帽1.25个,投篮命中率为70.6%,罚球命中率为60.0%,场均得分2.5分,场均篮板2.5个,场均抢断0.28次,三分命中率为0%,职业生涯场均出战8.8分钟,职业生涯每赛季场均出场32场,"4年927万美元，2018年夏天签，2022年夏天到期,2020和2021年球队选项",2.06米/6尺9,罗伯特-威廉姆斯,44,C-F,本年薪金：194万美元,波士顿凯尔特人,107公斤/237磅
,,,,,,,,,该球员从未在NBA出场过。,新秀合同，2019年夏天签，2023年到期，2022年，2023年球队选项,2.01米/6尺7,RJ-巴雷特,9,F-G,本年薪金：783万美元,纽约尼克斯,92公斤/202磅
场均助攻1.0次,场均盖帽1.04个,投篮命中率为51.9%,罚球命中率为71.4%,场均得分10.1分,场均篮板6.5个,场均抢断0.59次,三分命中率为21.1%,职业生涯场均出战26.5分钟,职业生涯每赛季场均出场69场,2年2000万美元，2019年夏天签,2.06米/6尺9,泰-吉布森,67,F,本年薪金：975万美元,纽约尼克斯,107公斤/236磅
场均助攻1.2次,场均盖帽0.32个,投篮命中率为45.5%,罚球命中率为76.0%,场均得分10.9分,场均篮板6.5个,场均抢断0.54次,三分命中率为36.9%,职业生涯场均出战21.2分钟,职业生涯每赛季场均出场49场,2年3100万美元，2019年夏天签，2021年到期,2.11米/6尺11,博比-波蒂斯,NULL,F,本年薪金：1512万美元,纽约尼克斯,112公斤/246磅
,,,,,,,,,该球员从未在NBA出场过。,新秀合同，2019年夏天签，2023年到期，2022年，2023年球队选项,2.01米/6尺7,格兰特-威廉姆斯,12,F,本年薪金：237万美元,波士顿凯尔特人,107公斤/236磅
,,,,,,,,,该球员从未在NBA出场过。,2年512万美元，2019年夏天签，2021年到期,2.13米/7尺0,樊尚-普瓦里耶,17,C,本年薪金：250万美元,波士顿凯尔特人,107公斤/236磅
,,,,,,,,,该球员从未在NBA出场过。,新秀合同，2019年夏天签，2023年到期，2022年，2023年球队选项,1.98米/6尺6,罗密欧-兰福德,45,G,本年薪金：345万美元,波士顿凯尔特人,98公斤/215磅
场均助攻0.9次,场均盖帽0.72个,投篮命中率为54.4%,罚球命中率为74.8%,场均得分5.4分,场均篮板4.0个,场均抢断0.42次,三分命中率为33.9%,职业生涯场均出战14.5分钟,职业生涯每赛季场均出场64场,2年1000万美元，2019年夏天签，2021年到期,2.06米/6尺9,丹尼尔-泰斯,27,F,本年薪金：487万美元,波士顿凯尔特人,110公斤/243磅
场均助攻1.3次,场均盖帽0.35个,投篮命中率为46.3%,罚球命中率为65.4%,场均得分12.0分,场均篮板4.2个,场均抢断0.84次,三分命中率为37.4%,职业生涯场均出战25.9分钟,职业生涯每赛季场均出场73场,4年2140万美元，2016年夏天签，2020年夏天到期，2018-19赛季、2019-20赛季球队选项,2.01米/6尺7,杰伦-布朗,7,F-G,本年薪金：653万美元,波士顿凯尔特人,102公斤/225磅
场均助攻1.8次,场均盖帽0.72个,投篮命中率为46.6%,罚球命中率为83.5%,场均得分14.5分,场均篮板5.4个,场均抢断1.05次,三分命中率为41.0%,职业生涯场均出战30.7分钟,职业生涯每赛季场均出场79场,4年3007万美元，2017年夏天签，2021年夏天到期，2019-20、2020-21赛季球队选项,2.03米/6尺8,杰森-塔特姆,0,F,本年薪金：783万美元,波士顿凯尔特人,93公斤/205磅
场均助攻4.0次,场均盖帽0.36个,投篮命中率为37.1%,罚球命中率为75.9%,场均得分9.4分,场均篮板3.5个,场均抢断1.52次,三分命中率为30.9%,职业生涯场均出战28.6分钟,职业生涯每赛季场均出场65场,4年5200万美元，2018年夏天签，2022年夏天到期，每年身体脂肪含量达到球队要求则有50万奖金,1.93米/6尺4,马库斯-斯马特,36,G,本年薪金：1205万美元,波士顿凯尔特人,100公斤/220磅
场均助攻3.4次,场均盖帽0.40个,投篮命中率为44.6%,罚球命中率为82.1%,场均得分15.1分,场均篮板4.2个,场均抢断1.00次,三分命中率为36.4%,职业生涯场均出战30.6分钟,职业生涯每赛季场均出场59场,4年1.28亿美元，2017年夏天签，2021年夏天到期，2020-21赛季球员选项，15%交易保证金,2.03米/6尺8,戈登-海沃德,20,F,本年薪金：3270万美元,波士顿凯尔特人,102公斤/226磅
场均助攻0.9次,场均盖帽0.43个,投篮命中率为53.9%,罚球命中率为78.1%,场均得分12.4分,场均篮板8.0个,场均抢断0.42次,三分命中率为30.6%,职业生涯场均出战23.1分钟,职业生涯每赛季场均出场60场,2年1000万美元，2019年夏天签，2021年到期,2.11米/6尺11,埃内斯-坎特,11,C,本年薪金：476万美元,波士顿凯尔特人,111公斤/245磅
场均助攻4.6次,场均盖帽0.50个,投篮命中率为49.6%,罚球命中率为69.9%,场均得分21.8分,场均篮板8.8个,场均抢断0.89次,三分命中率为34.2%,职业生涯场均出战34.9分钟,职业生涯每赛季场均出场60场,5年1.71亿美元，2017年夏天签，2022年夏天到，2021-22赛季球员选项,2.08米/6尺10,布雷克-格里芬,23,F,本年薪金：3423万美元,底特律活塞,114公斤/251磅
场均助攻4.0次,场均盖帽0.54个,投篮命中率为44.9%,罚球命中率为79.4%,场均得分18.4分,场均篮板4.7个,场均抢断1.80次,三分命中率为35.5%,职业生涯场均出战33.4分钟,职业生涯每赛季场均出场68场,2016年10月以4年8400万美元提前续约，2017年夏天生效，2021年夏天到期，每年25万不易达到的激励奖金,1.93米/6尺4,维克托-奥拉迪波,4,G,本年薪金：2100万美元,印第安纳步行者,95公斤/210磅
场均助攻2.1次,场均盖帽0.57个,投篮命中率为44.0%,罚球命中率为72.4%,场均得分19.1分,场均篮板4.3个,场均抢断1.03次,三分命中率为33.2%,职业生涯场均出战36.0分钟,职业生涯每赛季场均出场80场,4年2484万美元，2014年夏天签，2018年夏天到期，2016-17赛季、2017-18赛季球队选项；2017年10月以5年1.48亿美元提前续约，2018年夏天生效，2023年到期,2.03米/6尺8,安德鲁-威金斯,22,F,本年薪金：2727万美元,明尼苏达森林狼,90公斤/199磅
场均助攻9.6次,场均盖帽0.13个,投篮命中率为46.9%,罚球命中率为87.1%,场均得分18.5分,场均篮板4.5个,场均抢断2.20次,三分命中率为37.1%,职业生涯场均出战34.9分钟,职业生涯每赛季场均出场67场,4年1.6亿美元，2018年夏天签，2022年夏天到期,1.83米/6尺0,克里斯-保罗,3,G,本年薪金：3851万美元,俄克拉荷马城雷霆,79公斤/175磅
场均助攻5.7次,场均盖帽0.21个,投篮命中率为44.1%,罚球命中率为81.9%,场均得分14.9分,场均篮板3.0个,场均抢断1.47次,三分命中率为37.5%,职业生涯场均出战32.6分钟,职业生涯每赛季场均出场65场,5年1.53亿美元，2016年夏天签，2021年夏天到期,1.85米/6尺1,迈克-康利,10,G,本年薪金：3251万美元,犹他爵士,79公斤/175磅
,,,,,,,,,该球员从未在NBA出场过。,NULL,1.88米/6尺2,约什-马杰特,NULL,G,本年薪金：万美元,奥兰多魔术,85公斤/188磅
场均助攻3.2次,场均盖帽0.06个,投篮命中率为32.6%,罚球命中率为100%,场均得分2.6分,场均篮板1.1个,场均抢断0.44次,三分命中率为36.4%,职业生涯场均出战12.0分钟,职业生涯每赛季场均出场18场,NULL,1.85米/6尺1,丘马-奥基基,4,G,本年薪金：万美元,奥兰多魔术,73公斤/160磅
,,,,,,,,,该球员从未在NBA出场过。,NULL,2.03米/6尺8,阿米尔-杰弗森,3,F,本年薪金：万美元,奥兰多魔术,107公斤/235磅
场均助攻0.1次,场均盖帽0个,投篮命中率为33.3%,罚球命中率为25.0%,场均得分1.5分,场均篮板0.5个,场均抢断0.10次,三分命中率为0%,职业生涯场均出战4.4分钟,职业生涯每赛季场均出场10场,4年621万美元，2018年夏天签，2022年夏天到期，2021年球队选项,1.98米/6尺6,梅尔文-弗雷泽,35,F-G,本年薪金：151万美元,奥兰多魔术,91公斤/201磅
场均助攻1次,场均盖帽0.26个,投篮命中率为41.9%,罚球命中率为78.7%,场均得分4.4分,场均篮板2.5个,场均抢断0.47次,三分命中率为30.4%,职业生涯场均出战17.3分钟,职业生涯每赛季场均出场65场,3年405万美元，2017年夏天签，2020年夏天到期，2019-20赛季球队选项,2.01米/6尺7,韦斯利-艾旺杜,25,F,本年薪金：162万美元,奥兰多魔术,93公斤/205磅
场均助攻4.8次,场均盖帽0.54个,投篮命中率为39.9%,罚球命中率为69.6%,场均得分11.1分,场均篮板4.5个,场均抢断1.35次,三分命中率为24.9%,职业生涯场均出战26.4分钟,职业生涯每赛季场均出场40场,1年202万美元，2019年夏天签，2020年到期,1.98米/6尺6,迈克尔-卡特-威廉姆斯,7,G,本年薪金：202万美元,奥兰多魔术,86公斤/190磅
场均助攻0.8次,场均盖帽0.54个,投篮命中率为57.4%,罚球命中率为69.4%,场均得分4.5分,场均篮板4.0个,场均抢断0.36次,三分命中率为0%,职业生涯场均出战13.3分钟,职业生涯每赛季场均出场46场,2年600万美元，2019年夏天签，2021年夏天到期,2.06米/6尺9,肯-伯奇,24,C-F,本年薪金：300万美元,奥兰多魔术,100公斤/220磅
场均助攻0.8次,场均盖帽1.36个,投篮命中率为48.1%,罚球命中率为58.7%,场均得分6.2分,场均篮板5.0个,场均抢断0.28次,三分命中率为30.0%,职业生涯场均出战16.3分钟,职业生涯每赛季场均出场47场,4年2410万美元，2018年夏天签，2022年夏天到期，2020年和2021年球队选项,2.16米/7尺1,穆罕默德-班巴,5,C,本年薪金：570万美元,奥兰多魔术,102公斤/225磅
场均助攻1.0次,场均盖帽1.25个,投篮命中率为41.9%,罚球命中率为80.6%,场均得分8.5分,场均篮板5.0个,场均抢断0.90次,三分命中率为32.7%,职业生涯场均出战24.8分钟,职业生涯每赛季场均出场51场,4年2232万美元，2017年夏天签，2021年夏天到期，2019-20、2020-21赛季球队选项,2.08米/6尺10,乔纳森-艾萨克,1,F,本年薪金：580万美元,奥兰多魔术,95公斤/210磅
场均助攻4.0次,场均盖帽0.04个,投篮命中率为41.3%,罚球命中率为86.2%,场均得分9.9分,场均篮板1.9个,场均抢断0.61次,三分命中率为38.1%,职业生涯场均出战24.0分钟,职业生涯每赛季场均出场60场,4年2900万美元，2016年夏天签，2020年夏天到期,1.83米/6尺0,DJ-奥古斯丁,14,G,本年薪金：725万美元,奥兰多魔术,83公斤/183磅
场均助攻1.2次,场均盖帽0.57个,投篮命中率为42.0%,罚球命中率为74.6%,场均得分7.9分,场均篮板6.2个,场均抢断0.97次,三分命中率为34.3%,职业生涯场均出战25.7分钟,职业生涯每赛季场均出场73场,3年2900万美元，2019年夏天签，2022年到期,2.06米/6尺9,艾尔-法鲁克-阿米奴,2,F,本年薪金：925万美元,奥兰多魔术,100公斤/220磅
场均助攻3.4次,场均盖帽0.27个,投篮命中率为41.4%,罚球命中率为53.4%,场均得分7.7分,场均篮板3.4个,场均抢断0.88次,三分命中率为26.7%,职业生涯场均出战20.6分钟,职业生涯每赛季场均出场16场,4年3740万美元，2017年夏天签，2021年夏天到期，2019-20、2020-21赛季球队选项,1.93米/6尺4,马克尔-富尔茨,20,G,本年薪金：975万美元,奥兰多魔术,86公斤/190磅
场均助攻1.1次,场均盖帽0.35个,投篮命中率为42.5%,罚球命中率为82.1%,场均得分10.6分,场均篮板2.8个,场均抢断0.85次,三分命中率为37.2%,职业生涯场均出战24.4分钟,职业生涯每赛季场均出场63场,4年5400万美元，2019年夏天签，2023年到期,2.01米/6尺7,特伦斯-罗斯,8,G-F,本年薪金：1250万美元,奥兰多魔术,88公斤/195磅
场均助攻2.5次,场均盖帽0.10个,投篮命中率为44.6%,罚球命中率为80.5%,场均得分13.5分,场均篮板2.8个,场均抢断0.82次,三分命中率为37.1%,职业生涯场均出战28.0分钟,职业生涯每赛季场均出场65场,5年8500万，2016年夏天签，2021年夏天到期，2020-21赛季球员选项,2.01米/6尺7,埃文-富尼耶,10,G-F,本年薪金：1700万美元,奥兰多魔术,93公斤/205磅
场均助攻2.2次,场均盖帽0.64个,投篮命中率为45.0%,罚球命中率为70.7%,场均得分12.5分,场均篮板6.2个,场均抢断0.77次,三分命中率为32.1%,职业生涯场均出战27.9分钟,职业生涯每赛季场均出场68场,4年8000万美元，2018年夏天签，2022年夏天到期,2.06米/6尺9,阿龙-戈登,00,F,本年薪金：1986万美元,奥兰多魔术,100公斤/220磅
,,,,,,,,,该球员从未在NBA出场过。,NULL,2.03米/6尺8,八村垒,8,F,本年薪金：万美元,华盛顿奇才,104公斤/230磅
,,,,,,,,,该球员从未在NBA出场过。,NULL,1.96米/6尺5,加里森-马修斯,NULL,G-F,本年薪金：万美元,华盛顿奇才,93公斤/204磅
场均助攻0.6次,场均盖帽0.30个,投篮命中率为41.5%,罚球命中率为81.1%,场均得分4.8分,场均篮板2.0个,场均抢断0.26次,三分命中率为28.6%,职业生涯场均出战10.4分钟,职业生涯每赛季场均出场43场,NULL,2.11米/6尺11,莫里茨-瓦格纳,15,C-F,本年薪金：万美元,华盛顿奇才,109公斤/240磅
场均助攻1.5次,场均盖帽0.10个,投篮命中率为41.5%,罚球命中率为68.1%,场均得分4.8分,场均篮板2.8个,场均抢断0.40次,三分命中率为31.9%,职业生涯场均出战14.0分钟,职业生涯每赛季场均出场52场,NULL,2.01米/6尺7,特洛伊-布朗,6,F,本年薪金：万美元,华盛顿奇才,98公斤/215磅
场均助攻4.9次,场均盖帽0.10个,投篮命中率为43.2%,罚球命中率为87.4%,场均得分18.2分,场均篮板2.5个,场均抢断0.90次,三分命中率为35.7%,职业生涯场均出战28.8分钟,职业生涯每赛季场均出场48场,NULL,1.75米/5尺9,以赛亚-托马斯,0,G,本年薪金：万美元,华盛顿奇才,84公斤/185磅
场均助攻1.0次,场均盖帽0.30个,投篮命中率为40.7%,罚球命中率为81.2%,场均得分9.5分,场均篮板2.3个,场均抢断0.68次,三分命中率为35.8%,职业生涯场均出战20.1分钟,职业生涯每赛季场均出场56场,NULL,1.98米/6尺6,CJ-迈尔斯,NULL,F-G,本年薪金：万美元,华盛顿奇才,102公斤/225磅
场均助攻1.1次,场均盖帽0.79个,投篮命中率为60.6%,罚球命中率为76.7%,场均得分9.0分,场均篮板5.4个,场均抢断0.30次,三分命中率为31.2%,职业生涯场均出战18.0分钟,职业生涯每赛季场均出场43场,NULL,2.08米/6尺10,托马斯-布莱恩特,13,C,本年薪金：万美元,华盛顿奇才,112公斤/248磅
场均助攻0.5次,场均盖帽0.67个,投篮命中率为53.9%,罚球命中率为62.0%,场均得分5.0分,场均篮板4.3个,场均抢断0.55次,三分命中率为11.5%,职业生涯场均出战16.3分钟,职业生涯每赛季场均出场54场,NULL,2.11米/6尺11,伊安-马辛米,28,C,本年薪金：万美元,华盛顿奇才,119公斤/262磅
,,,,,,,,,该球员从未在NBA出场过。,3年420万美元，2019年夏天签,1.88米/6尺2,贾斯廷-罗宾逊,5,G,本年薪金：90万美元,华盛顿奇才,88公斤/195磅
场均助攻0.7次,场均盖帽0.18个,投篮命中率为15.2%,罚球命中率为60.0%,场均得分0.9分,场均篮板1.1个,场均抢断0.41次,三分命中率为0%,职业生涯场均出战5.5分钟,职业生涯每赛季场均出场22场,3年408万美元，2018年夏天签，2020年夏天到期，2020-21赛季非保障,2.03米/6尺8,伊萨克-邦加,17,G,本年薪金：142万美元,华盛顿奇才,81公斤/179磅
场均助攻3.7次,场均盖帽0.21个,投篮命中率为41.8%,罚球命中率为67.1%,场均得分7.1分,场均篮板2.3个,场均抢断0.70次,三分命中率为31.0%,职业生涯场均出战18.6分钟,职业生涯每赛季场均出场41场,2年1200万美元，2019年夏天签，2021年到期,1.83米/6尺0,伊斯梅尔-史密斯,NULL,G,本年薪金：585万美元,华盛顿奇才,79公斤/175磅
场均助攻2.2次,场均盖帽0.83个,投篮命中率为36.4%,罚球命中率为50.0%,场均得分4.5分,场均篮板8.2个,场均抢断1.17次,三分命中率为20.0%,职业生涯场均出战23.8分钟,职业生涯每赛季场均出场6场,2年147万美元，2018年夏天签，2020年夏天到期，2019-20赛季非保障,1.96米/6尺5,杰梅里奥-琼斯,9,F,本年薪金：5万美元,华盛顿奇才,91公斤/201磅
场均助攻1.0次,场均盖帽0.39个,投篮命中率为44.3%,罚球命中率为83.9%,场均得分6.1分,场均篮板2.2个,场均抢断0.36次,三分命中率为39.6%,职业生涯场均出战15.5分钟,职业生涯每赛季场均出场74场,2年1450万美元，2018年夏天签，2020年夏天到期,2.08米/6尺10,戴维斯-贝尔坦斯,NULL,F,本年薪金：700万美元,华盛顿奇才,95公斤/210磅
场均助攻3.9次,场均盖帽0.40个,投篮命中率为45.3%,罚球命中率为79.7%,场均得分20.2分,场均篮板4.0个,场均抢断1.14次,三分命中率为38.3%,职业生涯场均出战34.7分钟,职业生涯每赛季场均出场71场,5年1.27亿美元，2016年夏天签，2021年夏天到期,1.96米/6尺5,布拉德利-比尔,3,G,本年薪金：2709万美元,华盛顿奇才,94公斤/207磅
,,,,,,,,,该球员从未在NBA出场过。,NULL,1.88米/6尺2,约什-佩尔金斯,NULL,G,本年薪金：万美元,夏洛特黄蜂,86公斤/190磅
场均助攻1次,场均盖帽0个,投篮命中率为33.3%,罚球命中率为0%,场均得分3.0分,场均篮板1.5个,场均抢断0次,三分命中率为0%,职业生涯场均出战8.5分钟,职业生涯每赛季场均出场2场,NULL,1.96米/6尺5,JP-马楚拉,55,G,本年薪金：万美元,夏洛特黄蜂,92公斤/203磅
场均助攻0.5次,场均盖帽1.38个,投篮命中率为51.7%,罚球命中率为57.1%,场均得分4.9分,场均篮板6.3个,场均抢断0.26次,三分命中率为0%,职业生涯场均出战20.3分钟,职业生涯每赛季场均出场72场,NULL,2.06米/6尺9,俾斯麦-比永博,8,C,本年薪金：万美元,夏洛特黄蜂,116公斤/255磅
,,,,,,,,,该球员从未在NBA出场过。,NULL,2.08米/6尺10,杰伦-麦克丹尼尔斯,6,F,本年薪金：万美元,夏洛特黄蜂,86公斤/189磅
场均助攻5.5次,场均盖帽0.08个,投篮命中率为49.1%,罚球命中率为75.1%,场均得分15.2分,场均篮板2.7个,场均抢断0.83次,三分命中率为32.3%,职业生涯场均出战30.1分钟,职业生涯每赛季场均出场68场,NULL,1.88米/6尺2,托尼-帕克,9,G,本年薪金：万美元,夏洛特黄蜂,84公斤/185磅
场均助攻1.5次,场均盖帽0.21个,投篮命中率为37.6%,罚球命中率为87.1%,场均得分7.9分,场均篮板1.5个,场均抢断0.42次,三分命中率为33.5%,职业生涯场均出战15.5分钟,职业生涯每赛季场均出场68场,NULL,1.91米/6尺3,马利克-蒙克,1,G,本年薪金：万美元,夏洛特黄蜂,91公斤/200磅
,,,,,,,,,该球员从未在NBA出场过。,NULL,2.01米/6尺7,凯勒-马丁,NULL,G,本年薪金：万美元,夏洛特黄蜂,91公斤/200磅
场均助攻2.6次,场均盖帽0.04个,投篮命中率为34.3%,罚球命中率为76.1%,场均得分4.7分,场均篮板1.4个,场均抢断0.50次,三分命中率为28.1%,职业生涯场均出战14.7分钟,职业生涯每赛季场均出场46场,NULL,1.88米/6尺2,德文特-格雷厄姆,4,G,本年薪金：万美元,夏洛特黄蜂,84公斤/185磅
,,,,,,,,,该球员从未在NBA出场过。,3年447万美元合同，2019年夏天签,1.98米/6尺6,科迪-马丁,11,G,本年薪金：117万美元,夏洛特黄蜂,87公斤/191磅
场均助攻0.5次,场均盖帽0个,投篮命中率为53.8%,罚球命中率为50.0%,场均得分1.6分,场均篮板0.4个,场均抢断0次,三分命中率为42.9%,职业生涯场均出战3.3分钟,职业生涯每赛季场均出场11场,1年144万美元,2.13米/7尺0,托马斯-韦尔什,NULL,C,本年薪金：144万美元,夏洛特黄蜂,116公斤/255磅
场均助攻1.3次,场均盖帽0.54个,投篮命中率为44.3%,罚球命中率为80.7%,场均得分10.5分,场均篮板5.3个,场均抢断0.78次,三分命中率为36.2%,职业生涯场均出战28.6分钟,职业生涯每赛季场均出场72场,NULL,2.06米/6尺9,马文-威廉姆斯,2,F,本年薪金：万美元,夏洛特黄蜂,107公斤/237磅
场均助攻0.9次,场均盖帽0.07个,投篮命中率为43.2%,罚球命中率为76.1%,场均得分5.1分,场均篮板2.2个,场均抢断0.29次,三分命中率为37.7%,职业生涯场均出战15.3分钟,职业生涯每赛季场均出场48场,3年381万美元，2017年夏天签，2020年夏天到期，2019-20赛季无保障，2019年8月1日前不被裁则转为全额保障,2.01米/6尺7,德维恩-培根,7,G-F,本年薪金：138万美元,夏洛特黄蜂,100公斤/220磅
场均助攻1.0次,场均盖帽0.39个,投篮命中率为53.4%,罚球命中率为68.8%,场均得分6.6分,场均篮板5.2个,场均抢断0.41次,三分命中率为37.2%,职业生涯场均出战13.8分钟,职业生涯每赛季场均出场45场,4年586万美元，2016年夏天签，2020年夏天到期，2019-20赛季无保障,2.11米/6尺11,吉列尔莫-埃尔南戈麦斯,41,C,本年薪金：156万美元,夏洛特黄蜂,109公斤/240磅
场均助攻1.2次,场均盖帽0.61个,投篮命中率为46.4%,罚球命中率为75.3%,场均得分7.5分,场均篮板4.0个,场均抢断0.69次,三分命中率为32.5%,职业生涯场均出战21.2分钟,职业生涯每赛季场均出场80场,4年1572万美元，2018年夏天签，2022年夏天到期，2020-21赛季、2021-22赛季球队选项,2.01米/6尺7,迈尔斯-布里奇斯,0,F,本年薪金：375万美元,夏洛特黄蜂,102公斤/225磅
,,,,,,,,,该球员从未在NBA出场过。,新秀合同，2019年夏天签，2023年到期，2022年，2023年球队选项,2.03米/6尺8,PJ-华盛顿,25,F,本年薪金：383万美元,夏洛特黄蜂,103公斤/228磅
场均助攻1.4次,场均盖帽0.76个,投篮命中率为51.1%,罚球命中率为74.0%,场均得分8.2分,场均篮板5.8个,场均抢断0.68次,三分命中率为26.3%,职业生涯场均出战22.9分钟,职业生涯每赛季场均出场60场,4年1740万美元，2013年夏天签，2017年夏天到期，2016年10月以4年5600万美元续约，2017年夏天生效，2021年夏天到期,2.13米/7尺0,科迪-泽勒,40,C,本年薪金：1447万美元,夏洛特黄蜂,109公斤/240磅
场均助攻2.5次,场均盖帽0.20个,投篮命中率为38.4%,罚球命中率为77.5%,场均得分8.5分,场均篮板3.8个,场均抢断0.80次,三分命中率为36.2%,职业生涯场均出战21.3分钟,职业生涯每赛季场均出场70场,3年5800万美元，2019年夏天签，2022年到期,1.88米/6尺2,特里-罗齐尔,3,G,本年薪金：1841万美元,夏洛特黄蜂,86公斤/190磅
场均助攻0次,场均盖帽0个,投篮命中率为28.6%,罚球命中率为0%,场均得分3.0分,场均篮板2.2个,场均抢断0.20次,三分命中率为27.3%,职业生涯场均出战11.2分钟,职业生涯每赛季场均出场5场,NULL,2.13米/7尺0,艾萨克-亨弗里斯,8,F-C,本年薪金：万美元,亚特兰大老鹰,116公斤/255磅
,,,,,,,,,该球员从未在NBA出场过。,新秀合同，2019年夏天签，2022年到期，2021年，2022年球队选项,2.08米/6尺10,布鲁诺-费尔南多,24,F,本年薪金：140万美元,亚特兰大老鹰,106公斤/233磅
场均助攻0.4次,场均盖帽0.57个,投篮命中率为53.2%,罚球命中率为33.3%,场均得分3.9分,场均篮板3.4个,场均抢断0.64次,三分命中率为0%,职业生涯场均出战10.6分钟,职业生涯每赛季场均出场9场,1年144万美元，2019年夏天签,2.08米/6尺10,雷-斯波尔丁,NULL,F,本年薪金：144万美元,亚特兰大老鹰,98公斤/215磅
场均助攻0.5次,场均盖帽0.55个,投篮命中率为61.9%,罚球命中率为57.9%,场均得分3.1分,场均篮板2.0个,场均抢断0.23次,三分命中率为0%,职业生涯场均出战10.5分钟,职业生涯每赛季场均出场16场,4年598万美元，2016年夏天签，2020年夏天到期，2018-19赛季、2019-20赛季球队选项,2.13米/7尺0,达米安-琼斯,NULL,C,本年薪金：231万美元,亚特兰大老鹰,111公斤/245磅
场均助攻0.7次,场均盖帽0.30个,投篮命中率为42.2%,罚球命中率为77.8%,场均得分5.8分,场均篮板2.7个,场均抢断0.47次,三分命中率为30.5%,职业生涯场均出战14.0分钟,职业生涯每赛季场均出场47场,4年706万美元，2015年夏天签，2019年夏天到期，2017-18赛季、2018-19赛季球队选项,1.98米/6尺6,贾斯廷-安德森,1,G-F,本年薪金：252万美元,亚特兰大老鹰,103公斤/228磅
场均助攻3.2次,场均盖帽0.57个,投篮命中率为43.8%,罚球命中率为79.6%,场均得分17.4分,场均篮板4.4个,场均抢断1.03次,三分命中率为37.5%,职业生涯场均出战30.9分钟,职业生涯每赛季场均出场65场,1年256万美元合同，2019年夏天签,1.98米/6尺6,文斯-卡特,NULL,G-F,本年薪金：256万美元,亚特兰大老鹰,100公斤/220磅
场均助攻1.9次,场均盖帽0.40个,投篮命中率为44.5%,罚球命中率为60.5%,场均得分6.3分,场均篮板3.3个,场均抢断0.92次,三分命中率为28.1%,职业生涯场均出战18.9分钟,职业生涯每赛季场均出场48场,4年731万美元，2016年夏天签，2020年夏天到期，2018-19赛季、2019-20赛季球队选项,1.98米/6尺6,德安德烈-本布里,95,F,本年薪金：260万美元,亚特兰大老鹰,95公斤/210磅
,,,,,,,,,该球员从未在NBA出场过。,新秀合同，2019年夏天签，2023年到期，2022年，2023年球队选项,2.01米/6尺7,卡姆-雷迪什,22,F-G,本年薪金：424万美元,亚特兰大老鹰,92公斤/203磅
场均助攻2.9次,场均盖帽0.33个,投篮命中率为41.9%,罚球命中率为73.2%,场均得分9.7分,场均篮板3.3个,场均抢断0.87次,三分命中率为38.5%,职业生涯场均出战27.3分钟,职业生涯每赛季场均出场75场,4年1190万美元，2018年夏天签，2022年夏天到期，2020和2021年球队选项,2.01米/6尺7,凯文-赫尔特,3,G,本年薪金：264万美元,亚特兰大老鹰,86公斤/190磅
场均助攻0.8次,场均盖帽1.00个,投篮命中率为48.7%,罚球命中率为69.5%,场均得分7.9分,场均篮板6.3个,场均抢断0.41次,三分命中率为34.9%,职业生涯场均出战19.9分钟,职业生涯每赛季场均出场68场,2年850万美元，2018年夏天签，2020年夏天到期,2.16米/7尺1,亚历克斯-莱恩,25,C,本年薪金：435万美元,亚特兰大老鹰,118公斤/260磅
场均助攻1.6次,场均盖帽0.88个,投篮命中率为56.6%,罚球命中率为74.3%,场均得分14.6分,场均篮板8.4个,场均抢断0.51次,三分命中率为34.6%,职业生涯场均出战26.8分钟,职业生涯每赛季场均出场67场,4年1106万美元，2017年夏天签，2021年夏天到期，2019-20、2020-21赛季球队选项,2.08米/6尺10,约翰-科林斯,20,F-C,本年薪金：269万美元,亚特兰大老鹰,107公斤/235磅
场均助攻8.1次,场均盖帽0.19个,投篮命中率为41.8%,罚球命中率为82.9%,场均得分19.1分,场均篮板3.7个,场均抢断0.89次,三分命中率为32.4%,职业生涯场均出战30.9分钟,职业生涯每赛季场均出场81场,4年2653万美元，2018年夏天签，2022年夏天到期，2020和2021年球队选项,1.88米/6尺2,特雷-杨,11,G,本年薪金：627万美元,亚特兰大老鹰,82公斤/180磅
场均助攻2.2次,场均盖帽0.40个,投篮命中率为49.0%,罚球命中率为73.4%,场均得分14.8分,场均篮板5.8个,场均抢断0.85次,三分命中率为33.5%,职业生涯场均出战28.7分钟,职业生涯每赛季场均出场42场,2年1300万美元，2019年夏天签，2021年夏天到期,2.03米/6尺8,贾巴里-帕克,5,F,本年薪金：634万美元,亚特兰大老鹰,113公斤/250磅
,,,,,,,,,该球员从未在NBA出场过。,新秀合同，2019年夏天签，2023年到期，2022年，2023年球队选项,2.01米/6尺7,德安德烈-亨特,12,F-G,本年薪金：706万美元,亚特兰大老鹰,102公斤/225磅
场均助攻1.2次,场均盖帽0.29个,投篮命中率为42.9%,罚球命中率为83.5%,场均得分9.5分,场均篮板2.9个,场均抢断0.60次,三分命中率为39.3%,职业生涯场均出战24.6分钟,职业生涯每赛季场均出场57场,4年7483万美元，2016年夏天签，2020年夏天到期，2019-20赛季球员选项,1.98米/6尺6,阿伦-克拉布,33,G-F,本年薪金：1850万美元,亚特兰大老鹰,98公斤/215磅
,,,,,,,,,该球员从未在NBA出场过。,NULL,1.91米/6尺3,肯德里克-纳恩,25,G,本年薪金：万美元,迈阿密热火,88公斤/193磅
,,,,,,,,,该球员从未在NBA出场过。,NULL,2.11米/6尺11,凯尔-亚历山大,NULL,F,本年薪金：万美元,迈阿密热火,100公斤/220磅
场均助攻3.4次,场均盖帽0.25个,投篮命中率为43.4%,罚球命中率为79.0%,场均得分10.1分,场均篮板4.6个,场均抢断0.75次,三分命中率为30.2%,职业生涯场均出战27.4分钟,职业生涯每赛季场均出场70场,4年7000万美元，2016年夏天签，2020年夏天到期,2.01米/6尺7,埃文-特纳,NULL,G-F,本年薪金：1861万美元,亚特兰大老鹰,100公斤/220磅
场均助攻0.3次,场均盖帽0个,投篮命中率为39.1%,罚球命中率为66.7%,场均得分3.3分,场均篮板1.3个,场均抢断0.33次,三分命中率为28.6%,职业生涯场均出战10.7分钟,职业生涯每赛季场均出场15场,NULL,2.03米/6尺8,邓肯-罗宾逊,55,F,本年薪金：万美元,迈阿密热火,98公斤/215磅
场均助攻0.8次,场均盖帽0.29个,投篮命中率为48.9%,罚球命中率为75.5%,场均得分7.5分,场均篮板6.6个,场均抢断0.49次,三分命中率为7.9%,职业生涯场均出战24.8分钟,职业生涯每赛季场均出场51场,NULL,2.03米/6尺8,犹多尼斯-哈斯勒姆,40,F,本年薪金：万美元,迈阿密热火,107公斤/235磅
场均助攻0.5次,场均盖帽0.61个,投篮命中率为49.0%,罚球命中率为64.0%,场均得分5.4分,场均篮板3.0个,场均抢断0.52次,三分命中率为26.8%,职业生涯场均出战16.6分钟,职业生涯每赛季场均出场26场,2年316万美元，2018年夏天签，2020年夏天到期，2019年无保证,2.01米/6尺7,小德里克-琼斯,5,F-G,本年薪金：151万美元,迈阿密热火,86公斤/190磅
场均助攻1.8次,场均盖帽0.67个,投篮命中率为53.9%,罚球命中率为72.6%,场均得分7.7分,场均篮板6.2个,场均抢断0.61次,三分命中率为10.3%,职业生涯场均出战21.1分钟,职业生涯每赛季场均出场73场,4年1402万美元，2017年夏天签，2021年夏天到期，2019-20、2020-21赛季球队选项,2.08米/6尺10,巴姆-阿德巴约,13,C-F,本年薪金：345万美元,迈阿密热火,116公斤/255磅
场均助攻2.0次,场均盖帽0.46个,投篮命中率为48.1%,罚球命中率为76.6%,场均得分10.1分,场均篮板5.0个,场均抢断0.73次,三分命中率为36.9%,职业生涯场均出战21.9分钟,职业生涯每赛季场均出场72场,4年5000万美元，2017年夏天签，2021年夏天到期，560万不易达到的激励奖金，剩余合同价值的5%或200万美元的交易金（两者取其小），2020-2021赛季球员选项,2.13米/7尺0,凯利-奥利尼克,9,F,本年薪金：1167万美元,迈阿密热火,108公斤/238磅
,,,,,,,,,该球员从未在NBA出场过。,新秀合同，2019年夏天签，2023年到期，2022年，2023年球队选项,1.98米/6尺6,泰勒-希罗,14,G,本年薪金：364万美元,迈阿密热火,95公斤/210磅
场均助攻0.8次,场均盖帽0.26个,投篮命中率为48.4%,罚球命中率为82.7%,场均得分5.4分,场均篮板3.6个,场均抢断0.18次,三分命中率为38.7%,职业生涯场均出战14.9分钟,职业生涯每赛季场均出场53场,4年4100万美元，2016年夏天签，2020年夏天到期,2.16米/7尺1,迈耶斯-伦纳德,0,F-C,本年薪金：1129万美元,迈阿密热火,116公斤/255磅
场均助攻2.6次,场均盖帽0.39个,投篮命中率为42.0%,罚球命中率为64.2%,场均得分8.7分,场均篮板5.3个,场均抢断0.92次,三分命中率为35.0%,职业生涯场均出战27.4分钟,职业生涯每赛季场均出场59场,4年1123万美元，2015年夏天签，2019年夏天到期，2018年10月以3年3900万美元提前续约，2019年夏天生效，2022年夏天到期,2.01米/6尺7,贾斯蒂斯-温斯洛,20,F,本年薪金：1300万美元,迈阿密热火,102公斤/225磅
场均助攻2.7次,场均盖帽0.26个,投篮命中率为40.9%,罚球命中率为69.3%,场均得分13.0分,场均篮板2.6个,场均抢断0.96次,三分命中率为33.8%,职业生涯场均出战28.4分钟,职业生涯每赛季场均出场51场,4年5200万美元，2017年夏天签，2021年夏天到期，470万美元不易达到的激励奖金，2017-18赛季需至少出战70场比赛可获得110万美元激励奖金,1.93米/6尺4,迪昂-韦特斯,11,G,本年薪金：1210万美元,迈阿密热火,100公斤/220磅
场均助攻2.3次,场均盖帽0.88个,投篮命中率为47.9%,罚球命中率为69.4%,场均得分8.2分,场均篮板3.7个,场均抢断0.81次,三分命中率为30.3%,职业生涯场均出战21.4分钟,职业生涯每赛季场均出场54场,4年5912万美元，2017年夏天签，2021年夏天到期，2020-21赛季球员选项，94.6万可能拿到的激励奖金，其中2017-18赛季22万，另有其他体重控制奖金,2.06米/6尺9,詹姆斯-约翰逊,16,F,本年薪金：1513万美元,迈阿密热火,113公斤/250磅
场均助攻4.6次,场均盖帽0.18个,投篮命中率为46.6%,罚球命中率为76.1%,场均得分13.8分,场均篮板3.1个,场均抢断0.98次,三分命中率为36.2%,职业生涯场均出战28.0分钟,职业生涯每赛季场均出场61场,5年9000万美元，2015年夏天签，2020年夏天到期，2019-20赛季球员选项,1.91米/6尺3,戈兰-德拉季奇,7,G,本年薪金：1922万美元,迈阿密热火,86公斤/190磅
场均助攻1.9次,场均盖帽0.15个,投篮命中率为34.5%,罚球命中率为77.8%,场均得分3.2分,场均篮板1.8个,场均抢断0.41次,三分命中率为33.8%,职业生涯场均出战12.6分钟,职业生涯每赛季场均出场34场,NULL,1.88米/6尺2,杰伦-亚当斯,NULL,G,本年薪金：万美元,密尔沃基雄鹿,102公斤/225磅
场均助攻0.8次,场均盖帽0.20个,投篮命中率为42.8%,罚球命中率为78.9%,场均得分4.9分,场均篮板2.8个,场均抢断0.52次,三分命中率为35.6%,职业生涯场均出战15.6分钟,职业生涯每赛季场均出场55场,3年381万美元，2017年夏天签，2020年夏天到期,1.98米/6尺6,斯特林-布朗,23,G,本年薪金：162万美元,密尔沃基雄鹿,104公斤/230磅
场均助攻1.2次,场均盖帽0.57个,投篮命中率为39.4%,罚球命中率为64.7%,场均得分5.3分,场均篮板3.8个,场均抢断0.29次,三分命中率为32.1%,职业生涯场均出战20.3分钟,职业生涯每赛季场均出场57场,2年350万美元，2019年夏天签，2021年到期,2.16米/7尺1,德拉甘-本德尔,NULL,F,本年薪金：167万美元,密尔沃基雄鹿,102公斤/225磅
场均助攻1.1次,场均盖帽0.24个,投篮命中率为43.4%,罚球命中率为81.0%,场均得分4.8分,场均篮板2.2个,场均抢断0.29次,三分命中率为35.0%,职业生涯场均出战15.8分钟,职业生涯每赛季场均出场59场,2年336万美元，2018年夏天签，2020年夏天到期,1.96米/6尺5,帕特-康诺顿,24,G-F,本年薪金：172万美元,密尔沃基雄鹿,95公斤/210磅
场均助攻2.2次,场均盖帽0.21个,投篮命中率为42.3%,罚球命中率为82.5%,场均得分13.5分,场均篮板3.0个,场均抢断1.06次,三分命中率为38.1%,职业生涯场均出战32.4分钟,职业生涯每赛季场均出场61场,1年256万美元，2019年夏天签，2020年到期,1.96米/6尺5,韦斯利-马修斯,23,G,本年薪金：256万美元,密尔沃基雄鹿,100公斤/220磅
场均助攻1.1次,场均盖帽0.22个,投篮命中率为40.3%,罚球命中率为75.0%,场均得分4.9分,场均篮板2.4个,场均抢断0.48次,三分命中率为26.5%,职业生涯场均出战15.2分钟,职业生涯每赛季场均出场27场,4年1309万美元，2018年夏天签，2022年夏天到期，2020和2021年球队选项,1.96米/6尺5,唐特-迪温琴佐,9,G,本年薪金：290万美元,密尔沃基雄鹿,93公斤/205磅
场均助攻0.6次,场均盖帽0.24个,投篮命中率为43.1%,罚球命中率为54.9%,场均得分3.5分,场均篮板2.6个,场均抢断0.26次,三分命中率为36.5%,职业生涯场均出战11.1分钟,职业生涯每赛季场均出场30场,4年1218万美元，2017年夏天签，2021年夏天到期，2019-20、2020-21赛季球队选项,2.08米/6尺10,DJ-威尔森,5,F,本年薪金：296万美元,密尔沃基雄鹿,109公斤/240磅
场均助攻1.2次,场均盖帽0.37个,投篮命中率为44.1%,罚球命中率为77.0%,场均得分10.8分,场均篮板5.8个,场均抢断0.72次,三分命中率为36.4%,职业生涯场均出战24.3分钟,职业生涯每赛季场均出场53场,3年2100万美元，2018年夏天签，2021年夏天到期，2020-21赛季无保障,2.08米/6尺10,艾森-伊利亚索瓦,77,F,本年薪金：700万美元,密尔沃基雄鹿,107公斤/235磅
场均助攻3.1次,场均盖帽0.29个,投篮命中率为45.4%,罚球命中率为80.1%,场均得分10.9分,场均篮板3.0个,场均抢断0.92次,三分命中率为37.7%,职业生涯场均出战27.6分钟,职业生涯每赛季场均出场56场,3年2900万美元，2019年夏天签，2022年到期,1.91米/6尺3,乔治-希尔,3,G,本年薪金：920万美元,密尔沃基雄鹿,85公斤/188磅
场均助攻4.2次,场均盖帽1.36个,投篮命中率为52.3%,罚球命中率为74.5%,场均得分19.9分,场均篮板8.5个,场均抢断1.24次,三分命中率为28.2%,职业生涯场均出战33.3分钟,职业生涯每赛季场均出场77场,4年1亿美元。2017年夏天签，2021年夏天到期。,2.11米/6尺11,扬尼斯-阿德托昆博,34,F,本年薪金：2584万美元,密尔沃基雄鹿,101公斤/222磅
场均助攻1.5次,场均盖帽1.74个,投篮命中率为49.8%,罚球命中率为79.1%,场均得分17.3分,场均篮板6.5个,场均抢断0.57次,三分命中率为34.7%,职业生涯场均出战30.9分钟,职业生涯每赛季场均出场65场,4年5200万美元，2019年夏天签，2023年到期,2.13米/7尺0,布鲁克-洛佩斯,11,C,本年薪金：1209万美元,密尔沃基雄鹿,122公斤/268磅
场均助攻4.8次,场均盖帽0.49个,投篮命中率为45.7%,罚球命中率为79.4%,场均得分14.5分,场均篮板3.9个,场均抢断1.55次,三分命中率为33.7%,职业生涯场均出战28.3分钟,职业生涯每赛季场均出场58场,5年7000万美元，2014年夏天签，2019年夏天到期,1.85米/6尺1,埃里克-布莱索,6,G,本年薪金：1562万美元,密尔沃基雄鹿,93公斤/205磅
,,,,,,,,,该球员从未在NBA出场过。,NULL,1.96米/6尺5,马里亚尔-沙约克,35,G,本年薪金：万美元,费城76人,89公斤/196磅
场均助攻3.4次,场均盖帽1.19个,投篮命中率为52.3%,罚球命中率为75.6%,场均得分14.0分,场均篮板8.3个,场均抢断0.79次,三分命中率为37.9%,职业生涯场均出战32.7分钟,职业生涯每赛季场均出场66场,NULL,2.08米/6尺10,艾尔-霍弗德,42,C,本年薪金：万美元,费城76人,111公斤/245磅
场均助攻0.9次,场均盖帽0.30个,投篮命中率为46.3%,罚球命中率为78.8%,场均得分6.7分,场均篮板3.1个,场均抢断0.65次,三分命中率为35.8%,职业生涯场均出战20.6分钟,职业生涯每赛季场均出场35场,NULL,2.01米/6尺7,詹姆斯-恩尼斯,11,F,本年薪金：万美元,费城76人,95公斤/210磅
,,,,,,,,,该球员从未在NBA出场过。,NULL,1.96米/6尺5,马蒂斯-赛布尔,22,G,本年薪金：万美元,费城76人,88公斤/195磅
场均助攻0.9次,场均盖帽0.40个,投篮命中率为39.1%,罚球命中率为71.4%,场均得分4.3分,场均篮板1.8个,场均抢断0.40次,三分命中率为31.8%,职业生涯场均出战13.4分钟,职业生涯每赛季场均出场20场,NULL,1.98米/6尺6,谢克-米尔顿,18,G,本年薪金：万美元,费城76人,93公斤/205磅
场均助攻8.0次,场均盖帽0.83个,投篮命中率为55.1%,罚球命中率为57.6%,场均得分16.2分,场均篮板8.4个,场均抢断1.63次,三分命中率为0%,职业生涯场均出战33.9分钟,职业生涯每赛季场均出场80场,NULL,2.08米/6尺10,本-西蒙斯,25,G-F,本年薪金：万美元,费城76人,109公斤/240磅
,,,,,,,,,该球员从未在NBA出场过。,NULL,2.11米/6尺11,诺维尔-佩莱,14,C,本年薪金：万美元,费城76人,98公斤/216磅
场均助攻1.3次,场均盖帽0.97个,投篮命中率为51.8%,罚球命中率为74.8%,场均得分5.6分,场均篮板4.6个,场均抢断0.41次,三分命中率为20.9%,职业生涯场均出战14.4分钟,职业生涯每赛季场均出场63场,NULL,2.08米/6尺10,凯尔-奥奎因,9,C,本年薪金：万美元,费城76人,113公斤/250磅
场均助攻0.9次,场均盖帽0.13个,投篮命中率为46.6%,罚球命中率为73.6%,场均得分7.2分,场均篮板3.2个,场均抢断0.31次,三分命中率为37.5%,职业生涯场均出战16.8分钟,职业生涯每赛季场均出场59场,NULL,2.03米/6尺8,迈克-斯科特,1,F,本年薪金：万美元,费城76人,107公斤/237磅
,,,,,,,,,该球员从未在NBA出场过。,NULL,2.24米/7尺4,克里斯特-柯马杰,NULL,C,本年薪金：万美元,费城76人,122公斤/269磅
场均助攻0.8次,场均盖帽0.05个,投篮命中率为37.9%,罚球命中率为76.9%,场均得分4.3分,场均篮板1.7个,场均抢断0.43次,三分命中率为32.0%,职业生涯场均出战11.0分钟,职业生涯每赛季场均出场25场,NULL,2.01米/6尺7,富尔坎-科尔克马兹,30,G-F,本年薪金：162万美元,费城76人,86公斤/190磅
场均助攻0.9次,场均盖帽0.89个,投篮命中率为49.4%,罚球命中率为48.1%,场均得分4.7分,场均篮板3.8个,场均抢断0.39次,三分命中率为35.4%,职业生涯场均出战14.5分钟,职业生涯每赛季场均出场44场,2年338万美元，2019年夏天签，2021年到期,2.08米/6尺10,乔纳-博尔登,43,F,本年薪金：170万美元,费城76人,107公斤/235磅
场均助攻3.5次,场均盖帽0.12个,投篮命中率为41.1%,罚球命中率为80.6%,场均得分10.9分,场均篮板2.0个,场均抢断0.58次,三分命中率为34.2%,职业生涯场均出战23.0分钟,职业生涯每赛季场均出场52场,4年700万美元，2018年夏天签,1.85米/6尺1,特雷-伯克,23,G,本年薪金：203万美元,费城76人,87公斤/191磅
场均助攻1.9次,场均盖帽0.08个,投篮命中率为44.5%,罚球命中率为76.9%,场均得分4.7分,场均篮板1.3个,场均抢断0.51次,三分命中率为38.0%,职业生涯场均出战13.8分钟,职业生涯每赛季场均出场48场,2年440万美元，2018年夏天签，2020年夏天到期，其中210万受保障，2019-2020赛季无保障,1.85米/6尺1,劳尔-内托,NULL,G,本年薪金：210万美元,费城76人,81公斤/179磅
场均助攻1.7次,场均盖帽0.33个,投篮命中率为41.2%,罚球命中率为75.0%,场均得分6.7分,场均篮板2.2个,场均抢断0.33次,三分命中率为37.5%,职业生涯场均出战18.5分钟,职业生涯每赛季场均出场6场,4年1379万美元，2018年夏天签，2022年夏天到期，2020年和2021年球队选项,1.93米/6尺4,扎伊尔-史密斯,8,G,本年薪金：306万美元,费城76人,90公斤/199磅
场均助攻2.9次,场均盖帽0.73个,投篮命中率为43.2%,罚球命中率为82.6%,场均得分12.3分,场均篮板3.3个,场均抢断1.23次,三分命中率为37.0%,职业生涯场均出战31.3分钟,职业生涯每赛季场均出场68场,2017年9月以4年4197万美元提前续约，2018年夏天生效，2022年夏天到期，2021-22赛季球员选项,1.98米/6尺6,约什-理查德森,0,F,本年薪金：1012万美元,费城76人,91公斤/200磅
场均助攻0.7次,场均盖帽0.23个,投篮命中率为46.4%,罚球命中率为61.3%,场均得分6.3分,场均篮板2.6个,场均抢断0.70次,三分命中率为35.7%,职业生涯场均出战20.1分钟,职业生涯每赛季场均出场71场,NULL,2.03米/6尺8,OG-阿奴诺比,3,F,本年薪金：万美元,多伦多猛龙,107公斤/235磅
场均助攻3.5次,场均盖帽1.42个,投篮命中率为48.0%,罚球命中率为77.6%,场均得分14.9分,场均篮板7.7个,场均抢断0.93次,三分命中率为35.2%,职业生涯场均出战33.2分钟,职业生涯每赛季场均出场67场,NULL,2.16米/7尺1,马克-加索尔,33,C,本年薪金：万美元,多伦多猛龙,116公斤/255磅
场均助攻0.2次,场均盖帽0.12个,投篮命中率为44.4%,罚球命中率为87.5%,场均得分2.9分,场均篮板0.8个,场均抢断0.08次,三分命中率为42.9%,职业生涯场均出战7.7分钟,职业生涯每赛季场均出场12场,NULL,2.01米/6尺7,马尔科姆-米勒,13,F,本年薪金：万美元,多伦多猛龙,95公斤/210磅
场均助攻1.2次,场均盖帽0.21个,投篮命中率为43.4%,罚球命中率为80.8%,场均得分6.8分,场均篮板2.0个,场均抢断0.60次,三分命中率为33.1%,职业生涯场均出战16.4分钟,职业生涯每赛季场均出场65场,NULL,1.93米/6尺4,诺曼-鲍威尔,24,F-G,本年薪金：万美元,多伦多猛龙,98公斤/215磅
场均助攻3.2次,场均盖帽1.90个,投篮命中率为48.1%,罚球命中率为78.3%,场均得分23.9分,场均篮板11.3个,场均抢断0.69次,三分命中率为31.3%,职业生涯场均出战30.6分钟,职业生涯每赛季场均出场55场,2017年10月以5年1.48亿美元提前续约，2018年夏天生效，2023年夏天到期；,2.13米/7尺0,乔尔-恩比德,21,C,本年薪金：2727万美元,费城76人,113公斤/250磅
场均助攻1.2次,场均盖帽0.16个,投篮命中率为41.7%,罚球命中率为79.3%,场均得分3.7分,场均篮板1.5个,场均抢断0.67次,三分命中率为28.6%,职业生涯场均出战15.6分钟,职业生涯每赛季场均出场40场,NULL,2.01米/6尺7,帕特里克-麦考,1,G,本年薪金：万美元,多伦多猛龙,84公斤/185磅
场均助攻0.1次,场均盖帽0.83个,投篮命中率为44.2%,罚球命中率为86.7%,场均得分3.2分,场均篮板2.0个,场均抢断0.21次,三分命中率为31.6%,职业生涯场均出战5.7分钟,职业生涯每赛季场均出场14场,NULL,2.08米/6尺10,克里斯-布歇,25,F,本年薪金：万美元,多伦多猛龙,91公斤/200磅
场均助攻3.3次,场均盖帽0.24个,投篮命中率为41.6%,罚球命中率为83.5%,场均得分8.4分,场均篮板2.3个,场均抢断0.83次,三分命中率为40.0%,职业生涯场均出战20.1分钟,职业生涯每赛季场均出场63场,NULL,1.83米/6尺0,弗雷德-范弗利特,23,G,本年薪金：万美元,多伦多猛龙,88公斤/195磅
场均助攻2.0次,场均盖帽0.58个,投篮命中率为44.4%,罚球命中率为73.9%,场均得分9.9分,场均篮板5.9个,场均抢断0.98次,三分命中率为22.3%,职业生涯场均出战23.6分钟,职业生涯每赛季场均出场58场,1年底薪，2019年夏天签，2020年到期,2.01米/6尺7,朗戴-霍利斯-杰弗森,NULL,F,本年薪金：173万美元,多伦多猛龙,97公斤/214磅
场均助攻2.4次,场均盖帽0.18个,投篮命中率为39.3%,罚球命中率为77.5%,场均得分5.9分,场均篮板1.8个,场均抢断0.65次,三分命中率为32.3%,职业生涯场均出战16.2分钟,职业生涯每赛季场均出场28场,2年371万美元，2019年夏天签，2021年到期,1.91米/6尺3,卡梅伦-佩恩,NULL,G,本年薪金：173万美元,多伦多猛龙,84公斤/185磅
场均助攻2.0次,场均盖帽0.61个,投篮命中率为52.6%,罚球命中率为72.2%,场均得分9.3分,场均篮板4.9个,场均抢断0.75次,三分命中率为28.5%,职业生涯场均出战22.8分钟,职业生涯每赛季场均出场74场,4年610万美元，2016年夏天签，2020年夏天到期，2018-19赛季、2019-20赛季球队选项,2.06米/6尺9,帕斯卡尔-西亚卡姆,43,F,本年薪金：235万美元,多伦多猛龙,104公斤/230磅
场均助攻1.5次,场均盖帽0.22个,投篮命中率为37.7%,罚球命中率为76.6%,场均得分6.9分,场均篮板3.4个,场均抢断0.93次,三分命中率为29.2%,职业生涯场均出战21.0分钟,职业生涯每赛季场均出场58场,2年750万美元，2019年夏天签，2021年到期,2.01米/6尺7,斯坦利-约翰逊,NULL,F,本年薪金：365万美元,多伦多猛龙,111公斤/245磅
场均助攻0.8次,场均盖帽2.04个,投篮命中率为50.8%,罚球命中率为77.1%,场均得分12.6分,场均篮板7.2个,场均抢断0.43次,三分命中率为36.3%,职业生涯场均出战28.8分钟,职业生涯每赛季场均出场69场,3年6500万美元，2017年夏天签，2020年夏天到期,2.08米/6尺10,赛尔吉-伊巴卡,9,C-F,本年薪金：2327万美元,多伦多猛龙,107公斤/235磅
,,,,,,,,,该球员从未在NBA出场过。,NULL,2.11米/6尺11,尼古拉斯-克拉克斯顿,NULL,F,本年薪金：万美元,布鲁克林篮网,98公斤/216磅
场均助攻5.6次,场均盖帽0.34个,投篮命中率为46.8%,罚球命中率为87.6%,场均得分22.5分,场均篮板3.7个,场均抢断1.30次,三分命中率为39.2%,职业生涯场均出战33.6分钟,职业生涯每赛季场均出场63场,NULL,1.91米/6尺3,凯里-欧文,11,G,本年薪金：万美元,布鲁克林篮网,88公斤/193磅
场均助攻4.2次,场均盖帽1.16个,投篮命中率为49.4%,罚球命中率为88.3%,场均得分27.0分,场均篮板7.0个,场均抢断1.09次,三分命中率为38.4%,职业生涯场均出战36.7分钟,职业生涯每赛季场均出场70场,NULL,2.06米/6尺9,凯文-杜兰特,7,F,本年薪金：万美元,布鲁克林篮网,109公斤/240磅
场均助攻1.0次,场均盖帽1.37个,投篮命中率为59.0%,罚球命中率为73.2%,场均得分9.6分,场均篮板7.0个,场均抢断0.47次,三分命中率为18.3%,职业生涯场均出战23.3分钟,职业生涯每赛季场均出场76场,NULL,2.08米/6尺10,贾勒特-阿伦,31,C,本年薪金：万美元,布鲁克林篮网,107公斤/235磅
场均助攻1.0次,场均盖帽1.60个,投篮命中率为66.7%,罚球命中率为48.4%,场均得分9.7分,场均篮板11.0个,场均抢断0.60次,三分命中率为9.1%,职业生涯场均出战28.3分钟,职业生涯每赛季场均出场68场,NULL,2.11米/6尺11,德安德烈-乔丹,6,C,本年薪金：万美元,布鲁克林篮网,120公斤/265磅
,,,,,,,,,该球员从未在NBA出场过。,NULL,1.91米/6尺3,杰伦-汉兹,4,G,本年薪金：万美元,布鲁克林篮网,82公斤/180磅
场均助攻0.8次,场均盖帽0.40个,投篮命中率为45.0%,罚球命中率为78.3%,场均得分8.5分,场均篮板3.9个,场均抢断0.65次,三分命中率为31.5%,职业生涯场均出战20.5分钟,职业生涯每赛季场均出场63场,NULL,2.06米/6尺9,罗季翁斯-库鲁茨,00,F,本年薪金：万美元,布鲁克林篮网,100公斤/220磅
场均助攻3.4次,场均盖帽0.26个,投篮命中率为43.7%,罚球命中率为70.7%,场均得分11.1分,场均篮板3.6个,场均抢断1.03次,三分命中率为32.9%,职业生涯场均出战24.8分钟,职业生涯每赛季场均出场56场,NULL,2.01米/6尺7,卡里斯-勒韦尔,22,G,本年薪金：万美元,布鲁克林篮网,92公斤/203磅
场均助攻0.6次,场均盖帽0.05个,投篮命中率为38.5%,罚球命中率为77.0%,场均得分4.6分,场均篮板2.7个,场均抢断0.21次,三分命中率为37.4%,职业生涯场均出战10.5分钟,职业生涯每赛季场均出场19场,NULL,2.11米/6尺11,亨利-埃伦森,4,F,本年薪金：万美元,布鲁克林篮网,111公斤/245磅
场均助攻0.3次,场均盖帽0.21个,投篮命中率为30.6%,罚球命中率为100%,场均得分1.7分,场均篮板1个,场均抢断0.05次,三分命中率为26.1%,职业生涯场均出战10.2分钟,职业生涯每赛季场均出场19场,NULL,2.01米/6尺7,邓-阿德尔,NULL,F,本年薪金：万美元,布鲁克林篮网,91公斤/200磅
场均助攻1.6次,场均盖帽0.30个,投篮命中率为40.9%,罚球命中率为72.2%,场均得分5.9分,场均篮板2.1个,场均抢断0.84次,三分命中率为34.9%,职业生涯场均出战20.4分钟,职业生涯每赛季场均出场37场,"2年空间中产合同，2019年夏天签，2021年到期,2020年球队选项",1.98米/6尺6,加莱特-坦普尔,17,G-F,本年薪金：477万美元,布鲁克林篮网,88公斤/195磅
场均助攻1.2次,场均盖帽0.38个,投篮命中率为49.0%,罚球命中率为66.1%,场均得分7.2分,场均篮板3.9个,场均抢断0.77次,三分命中率为32.6%,职业生涯场均出战21.5分钟,职业生涯每赛季场均出场47场,2年底薪，2019年夏天签，2021年到期，2021年非保障,1.93米/6尺4,大卫-努瓦巴,0,G,本年薪金：167万美元,布鲁克林篮网,95公斤/209磅
场均助攻0.2次,场均盖帽0个,投篮命中率为40.9%,罚球命中率为0%,场均得分2.1分,场均篮板0.6个,场均抢断0.22次,三分命中率为10.0%,职业生涯场均出战4.3分钟,职业生涯每赛季场均出场9场,4年916万美元，2018年夏天签，2022年夏天到期，2020-21赛季以及2021-22赛季球队选项,2.06米/6尺9,扎南-穆萨,30,G-F,本年薪金：191万美元,布鲁克林篮网,88公斤/195磅
场均助攻1.2次,场均盖帽0个,投篮命中率为34.2%,罚球命中率为86.4%,场均得分4.5分,场均篮板2.0个,场均抢断0.33次,三分命中率为26.1%,职业生涯场均出战11.7分钟,职业生涯每赛季场均出场18场,2年底薪，2019年夏天签，2021年到期，2020年球队选项,1.98米/6尺6,西奥-平森,10,G,本年薪金：144万美元,布鲁克林篮网,99公斤/218磅
场均助攻1.8次,场均盖帽0.68个,投篮命中率为44.4%,罚球命中率为77.1%,场均得分12.6分,场均篮板5.3个,场均抢断0.69次,三分命中率为34.6%,职业生涯场均出战30.3分钟,职业生涯每赛季场均出场50场,1年256万美元，2019年夏天签，2020年到期,2.03米/6尺8,威尔森-钱德勒,NULL,F,本年薪金：256万美元,布鲁克林篮网,102公斤/225磅
场均助攻2.0次,场均盖帽0.45个,投篮命中率为42.7%,罚球命中率为82.3%,场均得分11.4分,场均篮板3.8个,场均抢断0.92次,三分命中率为38.0%,职业生涯场均出战25.5分钟,职业生涯每赛季场均出场65场,4年1075万美元，2016年夏天签，2020年夏天到期，2018-19赛季、2019-20赛季球队选项,2.03米/6尺8,托里恩-普林斯,NULL,F,本年薪金：348万美元,布鲁克林篮网,100公斤/220磅
场均助攻1.5次,场均盖帽0.18个,投篮命中率为47.5%,罚球命中率为79.7%,场均得分9.4分,场均篮板2.8个,场均抢断0.42次,三分命中率为42.7%,职业生涯场均出战22.6分钟,职业生涯每赛季场均出场52场,2年1600万美元，2018年夏天签，2020年夏天到期,1.98米/6尺6,乔-哈里斯,12,G-F,本年薪金：800万美元,布鲁克林篮网,99公斤/219磅
,,,,,,,,,该球员从未在NBA出场过。,NULL,1.96米/6尺5,迈克尔-弗雷泽,21,G,本年薪金：万美元,休斯顿火箭,91公斤/200磅
场均助攻2.4次,场均盖帽0.95个,投篮命中率为50.2%,罚球命中率为74.1%,场均得分15.7分,场均篮板10.1个,场均抢断0.86次,三分命中率为33.2%,职业生涯场均出战30.0分钟,职业生涯每赛季场均出场67场,4年1亿美元，2019年夏天签，2023年到期,2.13米/7尺0,尼古拉-武切维奇,9,C,本年薪金：2800万美元,奥兰多魔术,118公斤/260磅
场均助攻9.2次,场均盖帽0.72个,投篮命中率为43.2%,罚球命中率为77.7%,场均得分19.0分,场均篮板4.3个,场均抢断1.68次,三分命中率为32.8%,职业生涯场均出战35.8分钟,职业生涯每赛季场均出场61场,5年8478万，2013年夏天签，2014年夏天生效，2019年夏天到期；2017年夏天以4年1.7亿美元提前续约至2023年，2022-23赛季球员选项,1.93米/6尺4,约翰-沃尔,2,G,本年薪金：3780万美元,华盛顿奇才,95公斤/210磅
场均助攻1.1次,场均盖帽0.19个,投篮命中率为41.7%,罚球命中率为78.3%,场均得分8.8分,场均篮板2.5个,场均抢断0.67次,三分命中率为35.3%,职业生涯场均出战23.7分钟,职业生涯每赛季场均出场61场,NULL,1.96米/6尺5,本-麦克勒摩,16,G,本年薪金：万美元,休斯顿火箭,88公斤/195磅
场均助攻3.8次,场均盖帽0.64个,投篮命中率为43.5%,罚球命中率为84.1%,场均得分11.8分,场均篮板5.3个,场均抢断0.95次,三分命中率为35.8%,职业生涯场均出战31.6分钟,职业生涯每赛季场均出场69场,5年1.2亿美元，2016年夏天签，2021年夏天到期，2020-21赛季球员选项,2.03米/6尺8,尼古拉斯-巴图姆,5,G-F,本年薪金：2557万美元,夏洛特黄蜂,91公斤/200磅
场均助攻2.8次,场均盖帽0.35个,投篮命中率为46.2%,罚球命中率为71.3%,场均得分12.8分,场均篮板4.5个,场均抢断0.94次,三分命中率为37.3%,职业生涯场均出战30.3分钟,职业生涯每赛季场均出场54场,4年9444万美元，2016年夏天签，2020年夏天到期,2.08米/6尺10,钱德勒-帕森斯,25,F,本年薪金：2510万美元,亚特兰大老鹰,104公斤/230磅
场均助攻3.6次,场均盖帽0.48个,投篮命中率为45.7%,罚球命中率为83.9%,场均得分17.4分,场均篮板5.0个,场均抢断1.64次,三分命中率为34.2%,职业生涯场均出战33.4分钟,职业生涯每赛季场均出场58场,4年1.42亿美元，2019年夏天签，2023年到期,2.01米/6尺7,吉米-巴特勒,22,F,本年薪金：3274万美元,迈阿密热火,105公斤/231磅
场均助攻4.5次,场均盖帽0.27个,投篮命中率为40.8%,罚球命中率为80.1%,场均得分11.0分,场均篮板2.6个,场均抢断0.69次,三分命中率为32.3%,职业生涯场均出战24.4分钟,职业生涯每赛季场均出场50场,2018年12月以3年3435万美元提前续约，2019年夏天生效，2022年夏天到期，2021-22赛季为球员选项。,1.98米/6尺6,斯潘塞-丁威迪,8,G,本年薪金：1061万美元,布鲁克林篮网,91公斤/200磅
场均助攻0.4次,场均盖帽0.51个,投篮命中率为33.1%,罚球命中率为100%,场均得分2.9分,场均篮板2.3个,场均抢断0.39次,三分命中率为29.7%,职业生涯场均出战12.6分钟,职业生涯每赛季场均出场51场,3年367万美元，2018年12月签，其中19-20赛季50%保障，20-21赛季为无保障合同，2021年夏天到期,2.03米/6尺8,加里-克拉克,6,F,本年薪金：141万美元,休斯顿火箭,102公斤/225磅
场均助攻0.5次,场均盖帽0.43个,投篮命中率为48.8%,罚球命中率为78.6%,场均得分1.9分,场均篮板1.7个,场均抢断0.25次,三分命中率为33.3%,职业生涯场均出战7.9分钟,职业生涯每赛季场均出场28场,3年392万美元，2018年夏天签，2021年夏天到期,2.13米/7尺0,以赛亚-哈尔滕施泰因,55,F-C,本年薪金：142万美元,休斯顿火箭,113公斤/249磅
场均助攻0.5次,场均盖帽0.18个,投篮命中率为39.2%,罚球命中率为67.0%,场均得分4.4分,场均篮板3.1个,场均抢断0.38次,三分命中率为26.1%,职业生涯场均出战12.6分钟,职业生涯每赛季场均出场37场,1年174万美元的非保障合同,2.03米/6尺8,安东尼-本内特,30,F,本年薪金：174万美元,休斯顿火箭,107公斤/235磅
场均助攻2.3次,场均盖帽0.20个,投篮命中率为41.5%,罚球命中率为63.2%,场均得分8.8分,场均篮板2.0个,场均抢断0.68次,三分命中率为33.9%,职业生涯场均出战24.4分钟,职业生涯每赛季场均出场57场,2年底薪，2019年夏天签,1.93米/6尺4,奥斯汀-里弗斯,25,G,本年薪金：217万美元,休斯顿火箭,91公斤/200磅
场均助攻0.8次,场均盖帽1.14个,投篮命中率为59.6%,罚球命中率为64.4%,场均得分8.1分,场均篮板9.0个,场均抢断0.54次,三分命中率为0%,职业生涯场均出战27.1分钟,职业生涯每赛季场均出场59场,1年底薪，2019年夏天签，2020年到期,2.16米/7尺1,泰森-钱德勒,19,C,本年薪金：256万美元,休斯顿火箭,109公斤/240磅
场均助攻0.9次,场均盖帽0.30个,投篮命中率为41.4%,罚球命中率为82.0%,场均得分9.7分,场均篮板2.5个,场均抢断0.50次,三分命中率为36.2%,职业生涯场均出战19.6分钟,职业生涯每赛季场均出场48场,1年底薪，2019年夏天签，2020年到期,2.01米/6尺7,杰拉德-格林,14,G-F,本年薪金：256万美元,休斯顿火箭,93公斤/205磅
场均助攻1.0次,场均盖帽0.27个,投篮命中率为45.7%,罚球命中率为79.4%,场均得分8.2分,场均篮板3.4个,场均抢断0.44次,三分命中率为37.7%,职业生涯场均出战22.0分钟,职业生涯每赛季场均出场21场,3年1110万美元，2019年夏天签，2022年到期,2.01米/6尺7,丹纽尔-豪斯,4,G,本年薪金：349万美元,休斯顿火箭,98公斤/215磅
场均助攻0.9次,场均盖帽1.51个,投篮命中率为63.9%,罚球命中率为53.3%,场均得分12.4分,场均篮板9.5个,场均抢断0.69次,三分命中率为0%,职业生涯场均出战25.6分钟,职业生涯每赛季场均出场61场,5年9000万美元，2018年夏天签，2023年夏天到期，其中8000万美元保障，每赛季火箭进入西决奖励100万美元，防守篮板率达到30%、罚球命中率达到65%各奖励50万美元,2.11米/6尺11,克林特-卡佩拉,15,C,本年薪金：1490万美元,休斯顿火箭,109公斤/240磅
场均助攻1.3次,场均盖帽0.29个,投篮命中率为41.8%,罚球命中率为74.6%,场均得分7.2分,场均篮板5.7个,场均抢断1.22次,三分命中率为36.2%,职业生涯场均出战28.5分钟,职业生涯每赛季场均出场67场,4年3188万美元，2017年夏天签，2021年夏天到期，2020-21赛季257万美元保障，2020年7月1日之前不被裁则转为全额保障,1.98米/6尺6,PJ-塔克,17,F,本年薪金：835万美元,休斯顿火箭,111公斤/245磅
场均助攻2.9次,场均盖帽0.35个,投篮命中率为42.8%,罚球命中率为81.3%,场均得分16.8分,场均篮板2.5个,场均抢断0.89次,三分命中率为37.2%,职业生涯场均出战32.9分钟,职业生涯每赛季场均出场58场,4年5289万美元，2016年夏天签，2020年夏天到期。,1.93米/6尺4,埃里克-戈登,10,G,本年薪金：1406万美元,休斯顿火箭,98公斤/215磅
场均助攻6.4次,场均盖帽0.52个,投篮命中率为44.4%,罚球命中率为85.7%,场均得分24.9分,场均篮板5.2个,场均抢断1.57次,三分命中率为36.5%,职业生涯场均出战34.2分钟,职业生涯每赛季场均出场76场,2016年夏天在旧合同期内以4年1.18亿美元提前续约至2020年，2017年夏天再次以4年1.7亿美元提前续约至2023年，2022-23赛季球员选项,1.96米/6尺5,詹姆斯-哈登,13,G,本年薪金：3819万美元,休斯顿火箭,100公斤/220磅
,,,,,,,,,该球员为新秀，从未在NBA出场过。,双向合同,2.06米/6尺9,渡边雄太,18,G-F,本年薪金：7万美元,孟菲斯灰熊,93公斤/205磅
场均助攻1.9次,场均盖帽0.15个,投篮命中率为41.3%,罚球命中率为82.1%,场均得分13.8分,场均篮板2.7个,场均抢断0.66次,三分命中率为34.2%,职业生涯场均出战26.9分钟,职业生涯每赛季场均出场58场,4年7095万美元，2017年夏天签，2021年夏天到期，15%交易保证金，2020-2021赛季球员选项,1.98米/6尺6,小蒂姆-哈达威,11,F-G,本年薪金：1815万美元,达拉斯独行侠,93公斤/205磅
场均助攻2.2次,场均盖帽0.09个,投篮命中率为44.8%,罚球命中率为89.2%,场均得分13.3分,场均篮板2.1个,场均抢断0.47次,三分命中率为40.9%,职业生涯场均出战26.6分钟,职业生涯每赛季场均出场61场,2年2650万美元，2019年夏天签，2021年到期,1.93米/6尺4,JJ-雷迪克,4,G,本年薪金：1292万美元,新奥尔良鹈鹕,86公斤/190磅
场均助攻3.3次,场均盖帽0.45个,投篮命中率为43.3%,罚球命中率为84.1%,场均得分20.1分,场均篮板6.4个,场均抢断1.80次,三分命中率为38.1%,职业生涯场均出战34.1分钟,职业生涯每赛季场均出场68场,4年1.37亿美元，2018年夏天签，2022年夏天到期，2021年球员选项,2.06米/6尺9,保罗-乔治,NULL,F,本年薪金：3300万美元,洛杉矶快船,100公斤/220磅
场均助攻3.6次,场均盖帽0.29个,投篮命中率为45.2%,罚球命中率为82.7%,场均得分20.2分,场均篮板4.2个,场均抢断0.99次,三分命中率为28.8%,职业生涯场均出战34.1分钟,职业生涯每赛季场均出场75场,5年1.39亿，2016年夏天签,2.01米/6尺7,德马尔-德罗赞,10,G,本年薪金：2773万美元,圣安东尼奥马刺,100公斤/220磅
场均助攻1.9次,场均盖帽0.21个,投篮命中率为46.8%,罚球命中率为73.8%,场均得分8.7分,场均篮板2.1个,场均抢断0.71次,三分命中率为39.8%,职业生涯场均出战23.0分钟,职业生涯每赛季场均出场66场,NULL,1.93米/6尺4,伊托万-摩尔,55,G,本年薪金：万美元,新奥尔良鹈鹕,87公斤/191磅
场均助攻1.8次,场均盖帽0.41个,投篮命中率为38.4%,罚球命中率为68.4%,场均得分6.1分,场均篮板4.8个,场均抢断0.98次,三分命中率为33.3%,职业生涯场均出战23.5分钟,职业生涯每赛季场均出场46场,NULL,2.01米/6尺7,肯里奇-威廉姆斯,34,G-F,本年薪金：万美元,新奥尔良鹈鹕,95公斤/209磅
场均助攻2.4次,场均盖帽0.40个,投篮命中率为26.8%,罚球命中率为63.6%,场均得分6.4分,场均篮板2.0个,场均抢断1.60次,三分命中率为23.1%,职业生涯场均出战17.2分钟,职业生涯每赛季场均出场5场,NULL,1.85米/6尺1,约什-格雷,5,G,本年薪金：万美元,新奥尔良鹈鹕,82公斤/180磅
场均助攻1.4次,场均盖帽0.23个,投篮命中率为42.5%,罚球命中率为83.9%,场均得分6.5分,场均篮板1.8个,场均抢断0.41次,三分命中率为39.0%,职业生涯场均出战21.2分钟,职业生涯每赛季场均出场55场,NULL,2.03米/6尺8,达里厄斯-米勒,21,F,本年薪金：万美元,新奥尔良鹈鹕,102公斤/225磅
,,,,,,,,,该球员从未在NBA出场过。,NULL,2.06米/6尺9,尼科勒-梅利,20,F-C,本年薪金：万美元,新奥尔良鹈鹕,107公斤/235磅
场均助攻1.1次,场均盖帽1.22个,投篮命中率为52.8%,罚球命中率为65.8%,场均得分11.2分,场均篮板7.0个,场均抢断0.74次,三分命中率为21.3%,职业生涯场均出战25.4分钟,职业生涯每赛季场均出场65场,NULL,2.08米/6尺10,德里克-费沃斯,22,F-C,本年薪金：万美元,新奥尔良鹈鹕,120公斤/265磅
场均助攻6.3次,场均盖帽0.52个,投篮命中率为45.8%,罚球命中率为78.5%,场均得分15.9分,场均篮板3.9个,场均抢断1.48次,三分命中率为35.2%,职业生涯场均出战33.4分钟,职业生涯每赛季场均出场66场,NULL,1.93米/6尺4,朱-霍勒迪,11,G,本年薪金：万美元,新奥尔良鹈鹕,93公斤/205磅
场均助攻4.3次,场均盖帽0.50个,投篮命中率为46.6%,罚球命中率为70.9%,场均得分11.8分,场均篮板5.0个,场均抢断1.47次,三分命中率为33.1%,职业生涯场均出战33.0分钟,职业生涯每赛季场均出场73场,3年4800万美元，2017年夏天签，2020年夏天到期,1.98米/6尺6,安德烈-伊格达拉,9,G-F,本年薪金：1719万美元,孟菲斯灰熊,98公斤/215磅
场均助攻0.9次,场均盖帽0.85个,投篮命中率为53.2%,罚球命中率为68.1%,场均得分10.8分,场均篮板4.9个,场均抢断0.29次,三分命中率为21.1%,职业生涯场均出战20.0分钟,职业生涯每赛季场均出场36场,2年327万美元，2018年夏天签，2020年夏天到期,2.11米/6尺11,贾利尔-奥卡福,8,C,本年薪金：170万美元,新奥尔良鹈鹕,125公斤/275磅
场均助攻1.3次,场均盖帽0.43个,投篮命中率为43.5%,罚球命中率为69.5%,场均得分7.9分,场均篮板3.9个,场均抢断0.85次,三分命中率为36.1%,职业生涯场均出战24.4分钟,职业生涯每赛季场均出场65场,3年500万美元，2017年夏天签,1.96米/6尺5,约什-哈特,3,G,本年薪金：193万美元,新奥尔良鹈鹕,98公斤/215磅
,,,,,,,,,该球员从未在NBA出场过。,新秀合同，2019年夏天签，2023年到期,2.11米/6尺11,贾克森-海斯,10,F,本年薪金：486万美元,新奥尔良鹈鹕,100公斤/220磅
场均助攻3.2次,场均盖帽0.46个,投篮命中率为39.1%,罚球命中率为75.0%,场均得分5.0分,场均篮板2.7个,场均抢断1.36次,三分命中率为30.5%,职业生涯场均出战19.7分钟,职业生涯每赛季场均出场50场,2年230万美元，2018年夏天签，2020年夏天到期,1.93米/6尺4,丹东尼-梅尔顿,0,G,本年薪金：135万美元,孟菲斯灰熊,86公斤/190磅
场均助攻1.1次,场均盖帽0.03个,投篮命中率为43.4%,罚球命中率为74.0%,场均得分8.1分,场均篮板2.2个,场均抢断0.41次,三分命中率为31.4%,职业生涯场均出战19.2分钟,职业生涯每赛季场均出场30场,3年381万美元，2017年夏天签，2020年夏天到期，2019-20赛季50.6万美元保障,1.91米/6尺3,弗兰克-杰克逊,15,G,本年薪金：162万美元,新奥尔良鹈鹕,93公斤/205磅
场均助攻0.8次,场均盖帽0.54个,投篮命中率为38.2%,罚球命中率为83.9%,场均得分4.5分,场均篮板2.7个,场均抢断0.30次,三分命中率为32.8%,职业生涯场均出战13.8分钟,职业生涯每赛季场均出场11场,2年237万美元，2019年2月签，2020年夏天到期，2019-20赛季无保障,2.06米/6尺9,布鲁诺-卡博克洛,5,F,本年薪金：185万美元,孟菲斯灰熊,93公斤/205磅
场均助攻1.0次,场均盖帽0.32个,投篮命中率为55.5%,罚球命中率为74.3%,场均得分5.7分,场均篮板4.3个,场均抢断0.34次,三分命中率为20.0%,职业生涯场均出战14.6分钟,职业生涯每赛季场均出场42场,3年395万美元，2017年夏天签，2020年夏天到期，2019-20赛季球队选项,2.08米/6尺10,伊万-拉布,10,F,本年薪金：162万美元,孟菲斯灰熊,100公斤/220磅
场均助攻1.5次,场均盖帽0.21个,投篮命中率为43.5%,罚球命中率为74.5%,场均得分10.3分,场均篮板2.9个,场均抢断0.83次,三分命中率为35.9%,职业生涯场均出战26.8分钟,职业生涯每赛季场均出场50场,3年381万美元，2017年夏天签，2020年夏天到期，2019-20赛季无保障，2019年7月5日之前不被裁则转为全额保障 ,1.98米/6尺6,狄龙-布鲁克斯,24,G-F,本年薪金：162万美元,孟菲斯灰熊,102公斤/225磅
,,,,,,,,,该球员从未在NBA出场过。,NULL,1.98米/6尺6,马尔科-古杜里克,NULL,G-F,本年薪金：万美元,孟菲斯灰熊,91公斤/200磅
,,,,,,,,,该球员从未在NBA出场过。,NULL,1.96米/6尺5,约翰-康查尔,NULL,G,本年薪金：万美元,孟菲斯灰熊,95公斤/210磅
场均助攻0.7次,场均盖帽0.16个,投篮命中率为37.6%,罚球命中率为75.0%,场均得分5.6分,场均篮板0.6个,场均抢断0.16次,三分命中率为32.3%,职业生涯场均出战10.9分钟,职业生涯每赛季场均出场38场,4年1109万美元，2018年夏天签，2022年夏天到期，2020-21赛季及2021-22赛季无保障2020和2021年球队选项,1.96米/6尺5,格雷森-阿伦,3,G,本年薪金：243万美元,孟菲斯灰熊,93公斤/205磅
,,,,,,,,,该球员从未在NBA出场过。,新秀合同，2019年夏天签，2023年到期，2022年，2023年球队选项,2.03米/6尺8,布兰登-克拉克,15,F,本年薪金：247万美元,孟菲斯灰熊,98公斤/215磅
场均助攻1.1次,场均盖帽1.41个,投篮命中率为50.6%,罚球命中率为76.6%,场均得分13.8分,场均篮板4.7个,场均抢断0.90次,三分命中率为35.9%,职业生涯场均出战26.1分钟,职业生涯每赛季场均出场58场,4年2928万美元，2018年夏天签，2022年夏天到期,2.11米/6尺11,小贾伦-杰克逊,13,F,本年薪金：693万美元,孟菲斯灰熊,110公斤/242磅
场均助攻3.2次,场均盖帽0.08个,投篮命中率为42.8%,罚球命中率为83.4%,场均得分5.1分,场均篮板1.6个,场均抢断1.06次,三分命中率为33.7%,职业生涯场均出战17.8分钟,职业生涯每赛季场均出场65场,3年2400万美元，2019年夏天签，2022年夏天到期,1.88米/6尺2,泰厄斯-琼斯,21,G,本年薪金：800万美元,孟菲斯灰熊,88公斤/195磅
场均助攻1.9次,场均盖帽0.58个,投篮命中率为41.5%,罚球命中率为65.0%,场均得分12.3分,场均篮板4.5个,场均抢断0.99次,三分命中率为29.4%,职业生涯场均出战25.3分钟,职业生涯每赛季场均出场78场,4年2712万美元，2017年夏天签，2021年夏天到期，2019-20、2020-21赛季球队选项,2.03米/6尺8,约什-杰克逊,20,F,本年薪金：706万美元,孟菲斯灰熊,93公斤/205磅
场均助攻1.4次,场均盖帽0.31个,投篮命中率为42.1%,罚球命中率为78.2%,场均得分9.3分,场均篮板3.8个,场均抢断0.93次,三分命中率为33.3%,职业生涯场均出战24.0分钟,职业生涯每赛季场均出场64场,5年3500万美元，2015年夏天签，2020年夏天到期,1.98米/6尺6,杰-克劳德,99,F,本年薪金：791万美元,孟菲斯灰熊,107公斤/235磅
,,,,,,,,,该球员从未在NBA出场过。,新秀合同，2019年签，2023年到期，2022年，2023年球队选项,1.91米/6尺3,贾-莫兰特,12,G,本年薪金：873万美元,孟菲斯灰熊,79公斤/175磅
场均助攻0.5次,场均盖帽0.15个,投篮命中率为53.4%,罚球命中率为57.4%,场均得分6.0分,场均篮板3.0个,场均抢断0.24次,三分命中率为11.1%,职业生涯场均出战10.1分钟,职业生涯每赛季场均出场16场,NULL,2.08米/6尺10,乔纳森-莫特利,15,F,本年薪金：万美元,洛杉矶快船,104公斤/230磅
场均助攻2.1次,场均盖帽0.59个,投篮命中率为50.1%,罚球命中率为70.8%,场均得分5.8分,场均篮板4.2个,场均抢断1.10次,三分命中率为32.6%,职业生涯场均出战21.0分钟,职业生涯每赛季场均出场62场,4年3716万美元，2018年夏天签，2022年夏天到期,2.06米/6尺9,凯尔-安德森,1,F,本年薪金：907万美元,孟菲斯灰熊,104公斤/230磅
场均助攻0.5次,场均盖帽0.72个,投篮命中率为53.7%,罚球命中率为54.5%,场均得分4.5分,场均篮板4.3个,场均抢断0.46次,三分命中率为0%,职业生涯场均出战15.8分钟,职业生涯每赛季场均出场42场,4年5000万，2016年夏天签，2020年夏天到期，每年60万美元不易达到的激励奖金,2.11米/6尺11,迈尔斯-普拉姆利,25,C,本年薪金：1250万美元,孟菲斯灰熊,113公斤/249磅
场均助攻1.6次,场均盖帽0.24个,投篮命中率为39.1%,罚球命中率为80.4%,场均得分5.8分,场均篮板3.3个,场均抢断0.68次,三分命中率为32.5%,职业生涯场均出战22.4分钟,职业生涯每赛季场均出场45场,4年4800万美元，2016年夏天签，2020年夏天到期,2.01米/6尺7,所罗门-希尔,44,F,本年薪金：1276万美元,孟菲斯灰熊,102公斤/225磅
场均助攻0.9次,场均盖帽1.03个,投篮命中率为56.0%,罚球命中率为78.9%,场均得分12.4分,场均篮板8.5个,场均抢断0.38次,三分命中率为35.9%,职业生涯场均出战24.6分钟,职业生涯每赛季场均出场61场,3年4500万美元，2019年夏天签，2022年到期,2.13米/7尺0,约纳斯-瓦兰丘纳斯,17,C,本年薪金：1388万美元,孟菲斯灰熊,116公斤/255磅
,,,,,,,,,该球员从未在NBA出场过。,NULL,1.96米/6尺5,尼基尔-亚历山大-沃克,0,G,本年薪金：万美元,新奥尔良鹈鹕,93公斤/205磅
场均助攻2.4次,场均盖帽0.68个,投篮命中率为49.4%,罚球命中率为84.8%,场均得分17.6分,场均篮板6.3个,场均抢断1.78次,三分命中率为38.2%,职业生涯场均出战30.7分钟,职业生涯每赛季场均出场52场,NULL,2.01米/6尺7,科怀-伦纳德,NULL,F,本年薪金：万美元,洛杉矶快船,104公斤/230磅
场均助攻1.5次,场均盖帽0.13个,投篮命中率为43.1%,罚球命中率为80.6%,场均得分9.1分,场均篮板1.7个,场均抢断0.47次,三分命中率为42.2%,职业生涯场均出战22.8分钟,职业生涯每赛季场均出场52场,NULL,1.96米/6尺5,兰德里-沙梅特,20,G,本年薪金：万美元,洛杉矶快船,82公斤/180磅
,,,,,,,,,该球员从未在NBA出场过。,NULL,2.03米/6尺8,特伦斯-曼,14,F-G,本年薪金：万美元,洛杉矶快船,98公斤/215磅
场均助攻2.9次,场均盖帽0.58个,投篮命中率为45.8%,罚球命中率为66.2%,场均得分13.9分,场均篮板4.7个,场均抢断0.65次,三分命中率为32.9%,职业生涯场均出战31.7分钟,职业生涯每赛季场均出场63场,4年2382万美元，2016年夏天签，2020年夏天到期，2018-19赛季、2019-20赛季球队选项,2.06米/6尺9,布兰登-英格拉姆,14,F,本年薪金：727万美元,新奥尔良鹈鹕,86公斤/190磅
场均助攻6.4次,场均盖帽0.63个,投篮命中率为38.0%,罚球命中率为43.7%,场均得分10.0分,场均篮板6.2个,场均抢断1.59次,三分命中率为31.5%,职业生涯场均出战32.4分钟,职业生涯每赛季场均出场49场,3年 2247万美元合同，2017年夏天签,1.98米/6尺6,朗佐-鲍尔,2,G,本年薪金：872万美元,新奥尔良鹈鹕,86公斤/190磅
,,,,,,,,,该球员从未在NBA出场过。,新秀合同，2019年夏天签，2023年到期，2022年，2023年球队选项,2.01米/6尺7,蔡恩-威廉森,1,F,本年薪金：975万美元,新奥尔良鹈鹕,129公斤/285磅
,,,,,,,,,该球员从未在NBA出场过。,NULL,1.93米/6尺4,奎因达里-韦瑟斯庞,NULL,G,本年薪金：万美元,圣安东尼奥马刺,94公斤/207磅
场均助攻0.4次,场均盖帽0.07个,投篮命中率为32.8%,罚球命中率为76.5%,场均得分1.8分,场均篮板1.2个,场均抢断0.21次,三分命中率为0%,职业生涯场均出战5.0分钟,职业生涯每赛季场均出场29场,NULL,2.08米/6尺10,奇梅齐耶-梅图,7,F,本年薪金：万美元,圣安东尼奥马刺,102公斤/225磅
场均助攻2.5次,场均盖帽0.34个,投篮命中率为44.2%,罚球命中率为70.9%,场均得分7.2分,场均篮板4.8个,场均抢断1.01次,三分命中率为29.7%,职业生涯场均出战19.0分钟,职业生涯每赛季场均出场66场,NULL,1.96米/6尺5,德章泰-默里,5,G,本年薪金：万美元,圣安东尼奥马刺,77公斤/170磅
,,,,,,,,,该球员从未在NBA出场过。,NULL,1.98米/6尺6,凯尔登-约翰逊,3,G,本年薪金：万美元,圣安东尼奥马刺,96公斤/211磅
场均助攻0.7次,场均盖帽0.98个,投篮命中率为64.8%,罚球命中率为57.0%,场均得分5.8分,场均篮板4.6个,场均抢断0.42次,三分命中率为50.0%,职业生涯场均出战16.8分钟,职业生涯每赛季场均出场73场,NULL,2.13米/7尺0,雅各布-珀尔特尔,25,C,本年薪金：万美元,圣安东尼奥马刺,104公斤/230磅
场均助攻0.8次,场均盖帽0.17个,投篮命中率为42.2%,罚球命中率为74.5%,场均得分5.0分,场均篮板1.9个,场均抢断0.33次,三分命中率为36.1%,职业生涯场均出战17.0分钟,职业生涯每赛季场均出场47场,NULL,2.01米/6尺7,昆西-庞德塞特,3,F,本年薪金：万美元,圣安东尼奥马刺,102公斤/225磅
场均助攻0.3次,场均盖帽0.22个,投篮命中率为57.7%,罚球命中率为84.6%,场均得分1.8分,场均篮板1.5个,场均抢断0.09次,三分命中率为0%,职业生涯场均出战4.9分钟,职业生涯每赛季场均出场23场,NULL,2.08米/6尺10,德鲁-尤班克斯,14,F,本年薪金：万美元,圣安东尼奥马刺,113公斤/250磅
场均助攻0.5次,场均盖帽0个,投篮命中率为0%,罚球命中率为0%,场均得分0分,场均篮板0.5个,场均抢断0次,三分命中率为0%,职业生涯场均出战4.5分钟,职业生涯每赛季场均出场2场,NULL,2.03米/6尺8,本-摩尔,26,F,本年薪金：万美元,圣安东尼奥马刺,100公斤/220磅
场均助攻1.3次,场均盖帽0.03个,投篮命中率为43.3%,罚球命中率为74.6%,场均得分7.8分,场均篮板1.7个,场均抢断0.37次,三分命中率为40.2%,职业生涯场均出战20.2分钟,职业生涯每赛季场均出场69场,NULL,1.91米/6尺3,布林-福布斯,11,G,本年薪金：万美元,圣安东尼奥马刺,86公斤/190磅
场均助攻1.2次,场均盖帽0.25个,投篮命中率为43.0%,罚球命中率为74.5%,场均得分8.8分,场均篮板4.2个,场均抢断0.90次,三分命中率为36.0%,职业生涯场均出战23.4分钟,职业生涯每赛季场均出场42场,NULL,2.03米/6尺8,德马雷-卡罗尔,77,F,本年薪金：万美元,圣安东尼奥马刺,96公斤/212磅
场均助攻0.7次,场均盖帽0.47个,投篮命中率为46.7%,罚球命中率为65.2%,场均得分5.8分,场均篮板3.8个,场均抢断0.64次,三分命中率为34.1%,职业生涯场均出战20.9分钟,职业生涯每赛季场均出场61场,NULL,2.03米/6尺8,丹特-坎宁安,33,F,本年薪金：万美元,圣安东尼奥马刺,104公斤/230磅
,,,,,,,,,该球员从未在NBA出场过。,新秀合同，2019年夏天签，2023年到期，2022年，2023年球队选项,2.08米/6尺10,卢卡-沙马尼奇,19,F,本年薪金：268万美元,圣安东尼奥马刺,103公斤/227磅
场均助攻1.1次,场均盖帽0.33个,投篮命中率为43.1%,罚球命中率为70.5%,场均得分7.6分,场均篮板3.9个,场均抢断0.39次,三分命中率为33.1%,职业生涯场均出战17.5分钟,职业生涯每赛季场均出场72场,2年1100万美元，2019年夏天签，2021年夏天到期,2.08米/6尺10,特雷-莱尔斯,7,F,本年薪金：550万美元,圣安东尼奥马刺,106公斤/234磅
场均助攻2.0次,场均盖帽1.09个,投篮命中率为49.3%,罚球命中率为81.2%,场均得分19.8分,场均篮板8.4个,场均抢断0.72次,三分命中率为28.5%,职业生涯场均出战34.4分钟,职业生涯每赛季场均出场73场,4年8407万美元，2015年夏天签，2019年夏天到期，2018-19赛季球员选项；2017年10月以3年7230万美元提前续约，2018年夏天生效，2021年到期，如果2020年6月29日之前被裁,2.11米/6尺11,拉马库斯-阿尔德里奇,12,F,本年薪金：2600万美元,圣安东尼奥马刺,118公斤/260磅
场均助攻2.8次,场均盖帽0.52个,投篮命中率为47.9%,罚球命中率为75.5%,场均得分7.6分,场均篮板3.0个,场均抢断0.74次,三分命中率为38.1%,职业生涯场均出战19.9分钟,职业生涯每赛季场均出场33场,4年854万美元，2017年夏天签，2021年夏天到期，2019-20、2020-21赛季球队选项,1.96米/6尺5,德里克-怀特,4,G,本年薪金：195万美元,圣安东尼奥马刺,91公斤/200磅
场均助攻0.5次,场均盖帽0.18个,投篮命中率为34.8%,罚球命中率为80.0%,场均得分2.6分,场均篮板1个,场均抢断0.41次,三分命中率为38.5%,职业生涯场均出战6.9分钟,职业生涯每赛季场均出场17场,4年1246万美元，2018年夏天签，2022年夏天到期，2020年和2021年球队选项,1.96米/6尺5,朗尼-沃克,1,G,本年薪金：276万美元,圣安东尼奥马刺,93公斤/204磅
场均助攻1.7次,场均盖帽0.09个,投篮命中率为42.7%,罚球命中率为85.3%,场均得分10.2分,场均篮板2.1个,场均抢断0.61次,三分命中率为37.7%,职业生涯场均出战23.3分钟,职业生涯每赛季场均出场63场,2年1200万美元，2018年夏天签,1.96米/6尺5,马科-贝里内利,18,G-F,本年薪金：585万美元,圣安东尼奥马刺,95公斤/210磅
场均助攻2.4次,场均盖帽0.08个,投篮命中率为42.8%,罚球命中率为85.6%,场均得分8.6分,场均篮板1.7个,场均抢断0.64次,三分命中率为38.8%,职业生涯场均出战19.8分钟,职业生涯每赛季场均出场62场,4年4800万美元，2017年夏天签,1.83米/6尺0,帕蒂-米尔斯,8,G,本年薪金：1243万美元,圣安东尼奥马刺,84公斤/185磅
场均助攻2.3次,场均盖帽0.77个,投篮命中率为45.3%,罚球命中率为79.8%,场均得分17.5分,场均篮板5.9个,场均抢断1.26次,三分命中率为34.3%,职业生涯场均出战33.5分钟,职业生涯每赛季场均出场60场,2年3200万美元，2019年夏天签，2021年到期,2.03米/6尺8,鲁迪-盖伊,22,F,本年薪金：1560万美元,圣安东尼奥马刺,104公斤/230磅
场均助攻1.0次,场均盖帽0.36个,投篮命中率为40.5%,罚球命中率为72.6%,场均得分5.9分,场均篮板3.7个,场均抢断0.72次,三分命中率为30.3%,职业生涯场均出战22.3分钟,职业生涯每赛季场均出场61场,NULL,2.03米/6尺8,多里安-芬尼-史密斯,10,F,本年薪金：万美元,达拉斯独行侠,100公斤/220磅
场均助攻0.5次,场均盖帽0.10个,投篮命中率为45.2%,罚球命中率为78.9%,场均得分4.0分,场均篮板1.5个,场均抢断0.14次,三分命中率为40.9%,职业生涯场均出战10.8分钟,职业生涯每赛季场均出场42场,NULL,2.01米/6尺7,瑞安-布罗科夫,45,G-F,本年薪金：万美元,达拉斯独行侠,98公斤/215磅
场均助攻3.2次,场均盖帽0.05个,投篮命中率为46.7%,罚球命中率为72.5%,场均得分9.3分,场均篮板2.3个,场均抢断0.51次,三分命中率为34.8%,职业生涯场均出战21.8分钟,职业生涯每赛季场均出场73场,NULL,1.91米/6尺3,杰伦-布伦森,13,G,本年薪金：万美元,达拉斯独行侠,86公斤/190磅
,,,,,,,,,该球员从未在NBA出场过。,NULL,1.93米/6尺4,乔希-里维斯,NULL,G,本年薪金：万美元,达拉斯独行侠,95公斤/210磅
场均助攻0.1次,场均盖帽0.29个,投篮命中率为38.1%,罚球命中率为66.7%,场均得分1.4分,场均篮板0.8个,场均抢断0.41次,三分命中率为75.0%,职业生涯场均出战7.2分钟,职业生涯每赛季场均出场11场,NULL,1.98米/6尺6,安东尼斯-克利夫兰,NULL,G,本年薪金：万美元,达拉斯独行侠,88公斤/195磅
场均助攻1.7次,场均盖帽0.11个,投篮命中率为46.7%,罚球命中率为84.5%,场均得分9.2分,场均篮板1.9个,场均抢断0.73次,三分命中率为44.0%,职业生涯场均出战21.4分钟,职业生涯每赛季场均出场24场,NULL,1.88米/6尺2,塞思-库里,30,G,本年薪金：万美元,达拉斯独行侠,84公斤/185磅
场均助攻0.9次,场均盖帽0个,投篮命中率为37.0%,罚球命中率为57.1%,场均得分3.6分,场均篮板1.5个,场均抢断0.12次,三分命中率为45.5%,职业生涯场均出战11.2分钟,职业生涯每赛季场均出场8场,NULL,1.91米/6尺3,达里尔-梅肯,3,G,本年薪金：万美元,达拉斯独行侠,84公斤/185磅
场均助攻0.6次,场均盖帽0.39个,投篮命中率为58.4%,罚球命中率为77.1%,场均得分6.4分,场均篮板4.0个,场均抢断0.25次,三分命中率为40.0%,职业生涯场均出战10.1分钟,职业生涯每赛季场均出场35场,NULL,2.21米/7尺3,博班-马里亚诺维奇,51,C,本年薪金：万美元,达拉斯独行侠,132公斤/290磅
场均助攻2.9次,场均盖帽0.41个,投篮命中率为44.6%,罚球命中率为80.1%,场均得分7.8分,场均篮板3.0个,场均抢断1.04次,三分命中率为33.1%,职业生涯场均出战20.3分钟,职业生涯每赛季场均出场48场,NULL,1.96米/6尺5,德朗-赖特,55,G,本年薪金：万美元,达拉斯独行侠,86公斤/190磅
场均助攻3.9次,场均盖帽0.03个,投篮命中率为42.4%,罚球命中率为79.2%,场均得分9.0分,场均篮板2.1个,场均抢断0.41次,三分命中率为35.1%,职业生涯场均出战19.7分钟,职业生涯每赛季场均出场61场,NULL,1.83米/6尺0,何塞-巴里亚,5,G,本年薪金：万美元,达拉斯独行侠,84公斤/185磅
场均助攻1.3次,场均盖帽2.03个,投篮命中率为43.7%,罚球命中率为80.4%,场均得分17.8分,场均篮板7.1个,场均抢断0.73次,三分命中率为36.1%,职业生涯场均出战31.0分钟,职业生涯每赛季场均出场62场,NULL,2.21米/7尺3,克里斯塔普斯-波尔津吉斯,6,F-C,本年薪金：万美元,达拉斯独行侠,109公斤/240磅
,,,,,,,,,该球员从未在NBA出场过。,三年 480万美元,2.03米/6尺8,以赛亚-罗比,NULL,F,本年薪金：150万美元,达拉斯独行侠,104公斤/229磅
场均助攻1.2次,场均盖帽0.18个,投篮命中率为44.6%,罚球命中率为77.3%,场均得分7.0分,场均篮板2.7个,场均抢断0.40次,三分命中率为34.2%,职业生涯场均出战20.6分钟,职业生涯每赛季场均出场57场,4年1348万美元，2017年夏天签，2021年夏天到期，2019-20赛季、2020-21赛季球队选项,2.03米/6尺8,贾斯廷-杰克逊,44,F,本年薪金：328万美元,达拉斯独行侠,95公斤/210磅
场均助攻6.0次,场均盖帽0.35个,投篮命中率为42.7%,罚球命中率为71.3%,场均得分21.2分,场均篮板7.8个,场均抢断1.07次,三分命中率为32.7%,职业生涯场均出战32.2分钟,职业生涯每赛季场均出场72场,4年3246万美元，2018年夏天签，2022年夏天到期，2020和2021年球队选项,2.03米/6尺8,卢卡-东契奇,77,G-F,本年薪金：768万美元,达拉斯独行侠,103公斤/228磅
场均助攻0.8次,场均盖帽0.87个,投篮命中率为46.9%,罚球命中率为76.7%,场均得分6.1分,场均篮板3.9个,场均抢断0.43次,三分命中率为33.8%,职业生涯场均出战18.9分钟,职业生涯每赛季场均出场71场,4年3500万美元，2019年夏天签，2023年到期,2.11米/6尺11,马克西-克勒贝尔,42,F,本年薪金：781万美元,达拉斯独行侠,100公斤/220磅
,,,,,,,,,该球员从未在NBA出场过。,NULL,2.08米/6尺10,菲翁杜-卡本盖莱,25,F,本年薪金：万美元,洛杉矶快船,113公斤/250磅
场均助攻1.1次,场均盖帽0.46个,投篮命中率为45.6%,罚球命中率为75.4%,场均得分7.0分,场均篮板4.1个,场均抢断0.57次,三分命中率为37.0%,职业生涯场均出战21.6分钟,职业生涯每赛季场均出场60场,NULL,2.06米/6尺9,帕特里克-帕特森,NULL,F,本年薪金：万美元,洛杉矶快船,107公斤/235磅
,,,,,,,,,该球员从未在NBA出场过。,NULL,1.96米/6尺5,贾斯廷-比布斯,11,G,本年薪金：万美元,洛杉矶快船,100公斤/220磅
场均助攻0.9次,场均盖帽0.44个,投篮命中率为55.0%,罚球命中率为75.0%,场均得分7.2分,场均篮板4.3个,场均抢断0.63次,三分命中率为29.7%,职业生涯场均出战17.0分钟,职业生涯每赛季场均出场51场,3年3300万美元，2019年夏天签,2.11米/6尺11,德怀特-鲍威尔,7,F-C,本年薪金：956万美元,达拉斯独行侠,109公斤/240磅
,,,,,,,,,该球员从未在NBA出场过。,NULL,2.03米/6尺8,阿米尔-科菲,NULL,G,本年薪金：万美元,洛杉矶快船,95公斤/210磅
场均助攻1.6次,场均盖帽0.20个,投篮命中率为41.5%,罚球命中率为67.5%,场均得分6.8分,场均篮板3.2个,场均抢断0.54次,三分命中率为35.3%,职业生涯场均出战23.0分钟,职业生涯每赛季场均出场49场,NULL,1.93米/6尺4,罗德尼-麦格鲁德,19,G-F,本年薪金：万美元,洛杉矶快船,93公斤/205磅
场均助攻1.7次,场均盖帽0.27个,投篮命中率为45.2%,罚球命中率为85.1%,场均得分9.5分,场均篮板2.6个,场均抢断0.98次,三分命中率为38.3%,职业生涯场均出战26.9分钟,职业生涯每赛季场均出场57场,4年4800万美元，2016年夏天签，2020年夏天到期,1.96米/6尺5,考特尼-李,1,G,本年薪金：1276万美元,达拉斯独行侠,91公斤/200磅
场均助攻0.9次,场均盖帽0.44个,投篮命中率为48.1%,罚球命中率为77.4%,场均得分8.2分,场均篮板5.9个,场均抢断0.58次,三分命中率为37.4%,职业生涯场均出战21.0分钟,职业生涯每赛季场均出场43场,NULL,2.06米/6尺9,杰迈克尔-格林,4,F,本年薪金：万美元,洛杉矶快船,103公斤/227磅
场均助攻0.6次,场均盖帽0.09个,投篮命中率为40.0%,罚球命中率为66.7%,场均得分3.4分,场均篮板1.2个,场均抢断0.33次,三分命中率为31.6%,职业生涯场均出战9.7分钟,职业生涯每赛季场均出场33场,4年1569万美元，2018年夏天签，2022年夏天到期，2020-21赛季及2021-22赛季球队选项,1.96米/6尺5,杰罗姆-罗宾逊,1,G,本年薪金：357万美元,洛杉矶快船,86公斤/190磅
场均助攻1.2次,场均盖帽0.84个,投篮命中率为62.9%,罚球命中率为62.9%,场均得分11.2分,场均篮板4.4个,场均抢断0.54次,三分命中率为15.6%,职业生涯场均出战19.2分钟,职业生涯每赛季场均出场63场,2年1200万美元，2018年夏天签，2020年夏天到期,2.03米/6尺8,蒙特雷兹-哈勒尔,5,F-C,本年薪金：600万美元,洛杉矶快船,109公斤/240磅
场均助攻0.9次,场均盖帽0.75个,投篮命中率为54.7%,罚球命中率为77.6%,场均得分7.5分,场均篮板5.1个,场均抢断0.25次,三分命中率为0%,职业生涯场均出战15.6分钟,职业生涯每赛季场均出场39场,4年2800万美元，2019年夏天签，2023年夏天到期,2.16米/7尺1,伊维察-祖巴茨,40,C,本年薪金：625万美元,洛杉矶快船,109公斤/240磅
场均助攻3.3次,场均盖帽0.19个,投篮命中率为42.1%,罚球命中率为84.3%,场均得分14.5分,场均篮板2.2个,场均抢断0.90次,三分命中率为35.1%,职业生涯场均出战24.6分钟,职业生涯每赛季场均出场63场,3年2400万美元，2018年夏天签，2021年夏天到期,1.85米/6尺1,路易斯-威廉姆斯,23,G,本年薪金：800万美元,洛杉矶快船,79公斤/175磅
场均助攻0.9次,场均盖帽0.68个,投篮命中率为47.8%,罚球命中率为62.2%,场均得分7.3分,场均篮板3.6个,场均抢断0.96次,三分命中率为33.3%,职业生涯场均出战22.9分钟,职业生涯每赛季场均出场66场,4年4200万，2016年夏天签，2020年夏天到期,2.06米/6尺9,莫里斯-哈克利斯,4,F,本年薪金：1101万美元,洛杉矶快船,100公斤/220磅
场均助攻3.5次,场均盖帽0.44个,投篮命中率为41.2%,罚球命中率为77.0%,场均得分9.0分,场均篮板4.3个,场均抢断1.19次,三分命中率为38.0%,职业生涯场均出战28.3分钟,职业生涯每赛季场均出场54场,3年4000万美元，2019年夏天签，2022年到期,1.85米/6尺1,帕特里克-贝弗利,21,G,本年薪金：1234万美元,洛杉矶快船,84公斤/185磅
